matricula_hash,estado,cantidad_consorcios,tiene_sanciones
38099af079394374,SIN ACTUALIZAR,1,No
30f085740adf3cf4,SIN ACTUALIZAR,1,No
f0d588a225e6e6ba,SIN ACTUALIZAR,3,No
f5487450820b4381,SIN ACTUALIZAR,1,No
b5a711fe7e920518,SIN ACTUALIZAR,1,No
c03cd77a31b20f4f,SIN ACTUALIZAR,2,No
3005568d8ad5da4c,SIN ACTUALIZAR,1,No
82358c18f24a023d,SIN ACTUALIZAR,0,No
696d9363dc5a9999,SIN ACTUALIZAR,1,No
afc29d7e2a516e2f,SIN ACTUALIZAR,1,No
04db56ea3df5beb6,SIN ACTUALIZAR,1,No
b3747d762f5c9643,SIN ACTUALIZAR,1,No
08622bb25a95ee13,ACTIVA,1,No
303c8bd55875dda2,SIN ACTUALIZAR,2,No
e9f86b73c579e902,SIN ACTUALIZAR,1,No
e0f8aece47e9bfb3,SIN ACTUALIZAR,1,No
2e4fd128c6554049,SIN ACTUALIZAR,1,No
c1ee712bc2305903,SIN ACTUALIZAR,2,No
0723fc392f532162,SIN ACTUALIZAR,1,No
3f1d0ba20a500fae,ACTIVA,2,No
e7ec0fc630048b57,SIN ACTUALIZAR,1,No
66e2b63c38c52adf,ACTIVA,1,No
b6382ae39dbfb7cb,SIN ACTUALIZAR,1,No
12429437d915a7f4,SIN ACTUALIZAR,1,No
b76d237bd414f195,SIN ACTUALIZAR,1,No
44f1bbc5b4c9e9a4,ACTIVA,1,No
8eeef1856d3f03dc,SIN ACTUALIZAR,2,No
fa2af8812e4ec6cb,SIN ACTUALIZAR,2,No
33ad40f67225e58a,ACTIVA,1,No
16544eb4badd22d6,SIN ACTUALIZAR,1,No
61d59da237d7a78c,ACTIVA,2,No
fe506bf7287a8f27,SIN ACTUALIZAR,0,No
199171b47801c577,ACTIVA,1,No
b5b73a69873c47cc,SIN ACTUALIZAR,2,No
1b9fc6751bc01563,SIN ACTUALIZAR,0,No
87d8e3aa624e9deb,SIN ACTUALIZAR,0,No
09e2a24866a292c6,SIN ACTUALIZAR,0,No
6a42036d7846de91,SIN ACTUALIZAR,0,No
202f269c110dd9e7,SIN ACTUALIZAR,0,No
05f44b2a613ecba0,SIN ACTUALIZAR,0,No
ee4e410c9ca211a3,SIN ACTUALIZAR,0,No
47893926b27c0e55,SIN ACTUALIZAR,0,No
ee9f550cd843a72b,SIN ACTUALIZAR,0,No
50a479b3a2e13ddd,SIN ACTUALIZAR,0,No
40da37bedd763528,SIN ACTUALIZAR,0,No
db79ca4a838f6284,SIN ACTUALIZAR,0,No
ba846ba43a06b7da,SIN ACTUALIZAR,0,No
e86c18c2174e4030,SIN ACTUALIZAR,0,No
60233e3a42978643,SIN ACTUALIZAR,0,No
2b95ef22133c74d2,SIN ACTUALIZAR,0,No
0cf10a71b943122a,SIN ACTUALIZAR,0,No
cead18006a4de84e,SIN ACTUALIZAR,0,No
575a423f570e8f3e,SIN ACTUALIZAR,0,No
344d84df425d003c,SIN ACTUALIZAR,0,No
9e8aba6e606821af,SIN ACTUALIZAR,0,No
7845069dabd64024,SIN ACTUALIZAR,0,No
b2ca4f93866dc5f5,SIN ACTUALIZAR,0,No
03ffeecfb819d82d,SIN ACTUALIZAR,0,No
2fad7ac735854221,SIN ACTUALIZAR,0,No
51f4699a91350890,SIN ACTUALIZAR,0,No
df16685d2ef7c33b,SIN ACTUALIZAR,0,No
26d1f634cc382a2c,SIN ACTUALIZAR,0,No
e6d7c27ed9277639,SIN ACTUALIZAR,0,No
2ae7f5977ae429a1,SIN ACTUALIZAR,0,No
f6b425de5ed3574a,SIN ACTUALIZAR,0,No
4878258574ac40da,SIN ACTUALIZAR,0,No
1a523a39469bba43,ACTIVA,0,No
63c2925f4be7651e,ACTIVA,0,No
d83fac6483832a1d,SIN ACTUALIZAR,0,No
a657067450f8331c,SIN ACTUALIZAR,0,No
6e7dcabfd291e819,SIN ACTUALIZAR,0,No
6658580ba2ddc260,SIN ACTUALIZAR,0,No
9e5b96ac17a9be12,SIN ACTUALIZAR,0,No
a338ed179728f4c2,SIN ACTUALIZAR,0,No
b8ba5925257ad206,SIN ACTUALIZAR,0,No
af598ae6250c515b,SIN ACTUALIZAR,0,No
9646f275f10ae73f,SIN ACTUALIZAR,0,No
2a3c1f80a5cbb28f,SIN ACTUALIZAR,0,No
7780e013b7e89f9e,SIN ACTUALIZAR,0,No
875ec5e3d485ec70,SIN ACTUALIZAR,0,No
1f421e7c6162fa14,SIN ACTUALIZAR,0,No
8b50fd813a5ebbc4,SIN ACTUALIZAR,0,No
dd79b9e0625ed7ab,SIN ACTUALIZAR,0,No
d364771e6b6053d4,SIN ACTUALIZAR,0,No
6ef1e6909e5d2029,SIN ACTUALIZAR,0,No
972e2ce8b932010e,SIN ACTUALIZAR,0,No
5eab7d832cdbdedf,ACTIVA,0,No
1db61d94f05f92c5,SIN ACTUALIZAR,0,No
12221da4164b465f,SIN ACTUALIZAR,0,No
1b0e397c08ff8298,SIN ACTUALIZAR,0,No
a44bf5fd44895cd4,SIN ACTUALIZAR,0,No
761893cc2e27bc74,SIN ACTUALIZAR,0,No
e90944ccc2fb90d4,ACTIVA,0,Sí
9a328e5779cdb876,SIN ACTUALIZAR,0,No
11c74eb793a0b17e,SIN ACTUALIZAR,0,No
6bd54958b48209de,SIN ACTUALIZAR,0,No
2a7938a24f167374,SIN ACTUALIZAR,0,No
2bf43b9984209bfe,SIN ACTUALIZAR,0,No
9d06e5d38103e667,SIN ACTUALIZAR,0,No
a19668e8a412480d,SIN ACTUALIZAR,0,No
90f7a39c159a0f8d,SIN ACTUALIZAR,0,No
f9368faec8de957b,SIN ACTUALIZAR,0,No
88a15facff243cab,SIN ACTUALIZAR,0,No
86f9e8c5d25f2a9a,SIN ACTUALIZAR,0,No
10c4462b26fad071,SIN ACTUALIZAR,0,No
0b2e14bc7be96a22,ACTIVA,0,No
d68bf29fb4c1a946,SIN ACTUALIZAR,0,No
76febd7e9cf3b0c0,ACTIVA,0,No
8fcfcdca8857504b,SIN ACTUALIZAR,0,No
e0b909c9cd0ae0ee,SIN ACTUALIZAR,0,No
802f83b07350b6d7,SIN ACTUALIZAR,0,No
a4cf2e205690fcb7,ACTIVA,0,No
e56fd4d103751c5d,ACTIVA,0,No
c79e816beba44306,SIN ACTUALIZAR,0,No
fc6b5f835bfb2269,SIN ACTUALIZAR,0,No
fb5161f58913bc84,ACTIVA,0,Sí
74f43b441dde988e,SIN ACTUALIZAR,0,No
53a72a652c0c6a17,SIN ACTUALIZAR,0,No
d2eab4577a3a085e,SIN ACTUALIZAR,0,No
6014927db7295c44,SIN ACTUALIZAR,0,No
72a1917673994c23,SIN ACTUALIZAR,0,No
a1defa0ee34a2a89,SIN ACTUALIZAR,0,No
b8d07ead18dedcd1,SIN ACTUALIZAR,0,No
f47dc630419bbb41,SIN ACTUALIZAR,0,No
3c9d76b5ae048c6a,ACTIVA,0,No
47f7cb5f38bb9e43,SIN ACTUALIZAR,0,No
c715784eb51b3343,SIN ACTUALIZAR,0,No
c7e3f463d4025ecb,SIN ACTUALIZAR,0,No
194baa85752f77a2,SIN ACTUALIZAR,0,No
65db2a4cadb86eb9,ACTIVA,0,No
18dbc8b5f67f4343,ACTIVA,0,No
1dc9ed58760e736c,SIN ACTUALIZAR,0,No
6c02b28e39628d8b,ACTIVA,0,No
f59096cc9862c62e,SIN ACTUALIZAR,0,No
70d763fa791dacd0,SIN ACTUALIZAR,0,Sí
6c5a65050bba2e6d,SIN ACTUALIZAR,0,No
780e011aeae56513,SIN ACTUALIZAR,0,No
442a94e30c5456e0,SIN ACTUALIZAR,0,No
df1d05a7dac2d676,ACTIVA,0,No
7420b9f13772ae1f,SIN ACTUALIZAR,0,No
405d26917802a342,SIN ACTUALIZAR,0,No
50ceb5e2bf813e9b,SIN ACTUALIZAR,0,No
31f19e32a25cc52b,ACTIVA,0,No
b0d93f60cd493a88,SIN ACTUALIZAR,0,No
c37b474b90d9d200,SIN ACTUALIZAR,0,No
76d778e3c820b0ae,SIN ACTUALIZAR,0,No
4480862dbb900999,SIN ACTUALIZAR,0,No
aa5fecaacfeb6886,SIN ACTUALIZAR,0,No
a2b476602bedef76,SIN ACTUALIZAR,0,No
33b9024b20790969,SIN ACTUALIZAR,0,No
7fef058be9e899be,SIN ACTUALIZAR,0,No
de96f8141d4a034c,ACTIVA,0,No
9a7dfa7508017045,ACTIVA,0,No
627339e4eed81c56,SIN ACTUALIZAR,0,No
e162e30a5a4c1e44,SIN ACTUALIZAR,0,No
5264efea3b4678d5,SIN ACTUALIZAR,0,No
8a34427d232ab293,SIN ACTUALIZAR,0,No
4bc3e7387bd3e8cc,SIN ACTUALIZAR,0,No
7ccca88c4b0e8602,SIN ACTUALIZAR,0,No
0cc1d9ba93d32ae7,SIN ACTUALIZAR,0,No
89e2ad84183b2f9c,SIN ACTUALIZAR,0,No
73d16bdd2edd4767,SIN ACTUALIZAR,0,No
38986fc1ce5e4b15,SIN ACTUALIZAR,0,No
8869e759689a2f47,SIN ACTUALIZAR,0,No
b9606df4fbc2d7bb,SIN ACTUALIZAR,0,No
223756b404408b5a,SIN ACTUALIZAR,0,No
dce1a79f6d2e8530,SIN ACTUALIZAR,0,No
8640b8877f24bf73,SIN ACTUALIZAR,0,No
ff0483c4b97b9a27,SIN ACTUALIZAR,0,No
e3e15853e9ac866a,SIN ACTUALIZAR,0,No
e6ae3ef88772362b,SIN ACTUALIZAR,0,No
fbbaecec6528d906,SIN ACTUALIZAR,0,No
3a79abdccb2df524,SIN ACTUALIZAR,1,No
02006319c292b288,SIN ACTUALIZAR,1,No
39d252f88dec484e,SIN ACTUALIZAR,0,No
a0027863dd7419e5,SIN ACTUALIZAR,0,No
5ce9c3c03b9f6c1b,SIN ACTUALIZAR,0,No
dcecd385d9a8aae5,SIN ACTUALIZAR,1,No
58225bc7d01d6383,SIN ACTUALIZAR,1,No
8e9b669109df8962,SIN ACTUALIZAR,3,No
03a74aef26160460,SIN ACTUALIZAR,1,No
30f5861cb4dbcdda,SIN ACTUALIZAR,0,No
65bba5fb79d7da91,SIN ACTUALIZAR,0,No
43a599e19e8e2c7b,SIN ACTUALIZAR,1,No
6fe79ab1802c7c29,SIN ACTUALIZAR,3,No
d672e9fb368dcc07,SIN ACTUALIZAR,1,No
f3216ee25480efdc,SIN ACTUALIZAR,1,No
6592e596d7db6dd0,SIN ACTUALIZAR,0,No
bfaa492bc1eb6c25,SIN ACTUALIZAR,1,No
3b297c8441c7b0ad,SIN ACTUALIZAR,0,No
99195ce96f90d988,SIN ACTUALIZAR,1,No
cc85ec52984d923b,SIN ACTUALIZAR,2,No
531cc7ed4fd3f296,SIN ACTUALIZAR,2,No
36486ce645c17c3e,SIN ACTUALIZAR,0,No
2805045f2ffd81fe,SIN ACTUALIZAR,3,No
2785acc469f0f87f,SIN ACTUALIZAR,1,No
d4e5f572c02d22df,SIN ACTUALIZAR,1,No
d15a33ab1781cad3,SIN ACTUALIZAR,1,No
33fc8fd5858e16b5,SIN ACTUALIZAR,0,No
97c6278d46302a1c,SIN ACTUALIZAR,2,No
18288ea285126233,SIN ACTUALIZAR,1,No
c58e4714a03093fc,SIN ACTUALIZAR,2,No
11e3e1439725aa95,SIN ACTUALIZAR,1,No
5089eecd7d01e5cd,SIN ACTUALIZAR,2,No
aff3f9448ca917cc,SIN ACTUALIZAR,1,No
adec925622623b13,ACTIVA,1,No
d1961d93755e10b9,SIN ACTUALIZAR,2,No
434c8653c15154e3,ACTIVA,1,No
4557b3c2bc31d360,SIN ACTUALIZAR,1,No
d2eb1321b626526b,SIN ACTUALIZAR,1,No
aa3e744d9ea1bfef,SIN ACTUALIZAR,1,No
cad6ddf10c7f185b,SIN ACTUALIZAR,1,No
34687244ea3d9b95,SIN ACTUALIZAR,1,No
f8818b67ab25419a,SIN ACTUALIZAR,2,No
81ac2f2cb950fa8b,SIN ACTUALIZAR,1,No
938eb3a8b8482b9a,SIN ACTUALIZAR,1,No
913de1781a2e4c77,SIN ACTUALIZAR,1,No
31406b7edabf803e,SIN ACTUALIZAR,1,No
ef3babdb61c0b210,SIN ACTUALIZAR,1,Sí
a5215e527a9a6789,SIN ACTUALIZAR,1,No
9ce4582defc4f749,SIN ACTUALIZAR,1,No
4dd6e117403f7d2f,SIN ACTUALIZAR,1,No
31118b37ff1032d7,SIN ACTUALIZAR,1,No
3e4c5ea9ed3349cd,SIN ACTUALIZAR,1,No
58a60bfe9d4c2b53,SIN ACTUALIZAR,1,No
269718955c433cd7,SIN ACTUALIZAR,1,No
363e0f6349942493,SIN ACTUALIZAR,1,No
3a243721a850f8e7,SIN ACTUALIZAR,1,No
ee009e2ffac75231,SIN ACTUALIZAR,1,No
6490459afe158f1d,ACTIVA,1,No
cb683decb8387660,SIN ACTUALIZAR,1,No
c36ed68ae622fabb,SIN ACTUALIZAR,1,No
dccadbe319b8a710,SIN ACTUALIZAR,1,No
ad3152bfd262652d,SIN ACTUALIZAR,1,No
c28bb74ebc73c7f1,ACTIVA,1,No
dc06d838cc760431,ACTIVA,2,No
2539b1fe79aca4da,ACTIVA,2,No
fe5df0a324f30601,SIN ACTUALIZAR,0,No
8969386b5c06b725,SIN ACTUALIZAR,0,No
3c29c2a1990285a1,SIN ACTUALIZAR,0,No
4acff813968c43e5,SIN ACTUALIZAR,0,No
f7d1b16c80e7ffec,SIN ACTUALIZAR,0,No
e64ae89c4ffe74d5,SIN ACTUALIZAR,0,No
f4a7913abc8301d5,SIN ACTUALIZAR,0,No
0517000265bb9f55,SIN ACTUALIZAR,0,No
a6a45099a14f1293,SIN ACTUALIZAR,0,No
f87d99d2bde905e3,ACTIVA,0,No
01992d25e0799c8a,SIN ACTUALIZAR,0,No
d43d505c735f10f5,SIN ACTUALIZAR,0,No
f5aa0bf981ec8348,SIN ACTUALIZAR,0,No
a1437f4d7c5982c9,SIN ACTUALIZAR,0,No
49f53324c17c3685,SIN ACTUALIZAR,0,No
924e2ab452b70395,SIN ACTUALIZAR,0,No
4b806fced4d498b5,ACTIVA,0,No
e73d714cf39a2fbb,SIN ACTUALIZAR,0,No
f043f4cd71b24757,SIN ACTUALIZAR,0,No
720c122a82aa43d0,SIN ACTUALIZAR,0,No
b2b20c1abf5b17b6,SIN ACTUALIZAR,0,No
87c79adac2b7eb02,SIN ACTUALIZAR,0,No
2a5b277c00294edc,SIN ACTUALIZAR,0,No
6dfd9d97502d7511,SIN ACTUALIZAR,0,No
78fe5aa67ba8404c,SIN ACTUALIZAR,0,No
07c4e8f4a0ee0a21,SIN ACTUALIZAR,0,No
7c18b1b4917ef122,SIN ACTUALIZAR,0,No
5a74b357c7ee58b2,SIN ACTUALIZAR,0,No
e157048c2e0ae60e,ACTIVA,0,No
b5f22732fe131091,SIN ACTUALIZAR,0,No
53adcdbaf97dc15a,SIN ACTUALIZAR,0,No
4363f8919a5437a8,SIN ACTUALIZAR,0,No
6f77e9fe9fc9542a,SIN ACTUALIZAR,0,No
f1ab79f4de08af2a,SIN ACTUALIZAR,0,No
7d84d3a67d7c31c0,SIN ACTUALIZAR,0,No
a6b679affb7c2ae4,SIN ACTUALIZAR,0,No
43c87bc7524d7e7f,SIN ACTUALIZAR,0,No
401c06318c53f444,ACTIVA,0,No
cd05b2c76a94243d,SIN ACTUALIZAR,0,No
ebe462ea3fafd8c8,SIN ACTUALIZAR,0,No
60e189d52cf7ba51,SIN ACTUALIZAR,0,No
a8faac45b886c70f,SIN ACTUALIZAR,0,No
94e75e9e0ab141be,SIN ACTUALIZAR,0,No
b31e8ef646feded6,SIN ACTUALIZAR,0,No
9905899bc2847193,ACTIVA,0,No
dc0f6faeefb492db,SIN ACTUALIZAR,0,No
e1d8ef8bc263b95d,SIN ACTUALIZAR,0,No
2149a48b1870a59f,SIN ACTUALIZAR,0,No
5e057cc1304ee9a0,SIN ACTUALIZAR,0,No
66ea4b77c3a4b7a9,SIN ACTUALIZAR,0,No
2be780a2a44bc8f8,SIN ACTUALIZAR,0,No
aac462ccf1c000b3,SIN ACTUALIZAR,0,No
d6eb8df9d65094db,SIN ACTUALIZAR,0,No
b933ddb19b175bb9,SIN ACTUALIZAR,0,No
96f40d523d68ad6f,ACTIVA,0,No
eb9850874f4958a8,SIN ACTUALIZAR,0,No
384856b6029eb102,SIN ACTUALIZAR,0,No
60cbbe1b72b270bf,SIN ACTUALIZAR,0,No
92a1454c2f9359ae,SIN ACTUALIZAR,0,No
d855229c3b740b2e,ACTIVA,0,No
f34bfe87eaca3c34,SIN ACTUALIZAR,0,No
7380faecfd49afb7,SIN ACTUALIZAR,0,No
ce7f36fcca602eef,SIN ACTUALIZAR,0,No
58297c9b6f1bc2d7,SIN ACTUALIZAR,0,No
43839706eb9b699a,SIN ACTUALIZAR,0,No
6d45ab63a9074689,SIN ACTUALIZAR,0,No
45fbbe0aca48a2ab,SIN ACTUALIZAR,0,No
66dcda9b7b161e71,SIN ACTUALIZAR,0,No
acb1c2fc44d2b356,SIN ACTUALIZAR,0,No
e643a3031f9920a2,SIN ACTUALIZAR,0,No
70711490508e9e23,SIN ACTUALIZAR,0,No
1c85fbe1cc0dbb77,SIN ACTUALIZAR,0,No
8227edb8f84ea693,SIN ACTUALIZAR,0,No
d36253f2eb051f5f,ACTIVA,1,No
fa57bd66cb6354a6,SIN ACTUALIZAR,1,No
ec1a874203c55517,ACTIVA,1,No
e5fbb0b9795089c0,ACTIVA,1,No
8ff40b10c09bc56a,ACTIVA,1,No
733f3fda0606d37a,ACTIVA,2,No
554fe5cca7a65543,ACTIVA,1,No
b65b6d24572830c9,ACTIVA,1,No
30bc0a114420f0d4,ACTIVA,1,No
711de451baa6e4bb,SIN ACTUALIZAR,1,No
b530add70afb2916,SIN ACTUALIZAR,1,No
d5b8de8db1cf22f4,ACTIVA,1,No
ff02364c8aab08a5,ACTIVA,1,No
a549ac35757a2da4,SIN ACTUALIZAR,2,No
ebed4b473defaabc,SIN ACTUALIZAR,1,No
90ee6a61a7eb321d,SIN ACTUALIZAR,1,No
3a57c84908467468,SIN ACTUALIZAR,1,No
a5a72f3838b3d708,ACTIVA,1,No
a4238da765fb37b3,ACTIVA,1,No
9067aef0bbcc895b,ACTIVA,2,No
2cb5647803ac30eb,SIN ACTUALIZAR,1,No
8f78654a3df08b51,SIN ACTUALIZAR,1,No
e0c30f0a043094db,ACTIVA,1,No
e8e8c390ee664f9b,SIN ACTUALIZAR,1,No
6441cd44226ffccd,SIN ACTUALIZAR,1,No
50e6842e7bfdeb00,ACTIVA,1,No
9acec3bdc2a2cda7,SIN ACTUALIZAR,1,No
72188d5dfc1bb4da,ACTIVA,2,No
59743abb508a8061,ACTIVA,1,No
c55412dfec422925,ACTIVA,1,No
ea55a36da3758e60,ACTIVA,2,No
a7099f07753cd64c,ACTIVA,2,No
f3b7c26a0b7fdc3d,SIN ACTUALIZAR,1,No
d60967806d802e03,SIN ACTUALIZAR,4,No
f116832a0eb31d3c,SIN ACTUALIZAR,1,No
eb410a532a4654e5,ACTIVA,1,No
84b108a6ba22aa51,SIN ACTUALIZAR,2,No
862223fd8d4d636e,ACTIVA,1,No
9f655dae6190e1ed,ACTIVA,1,No
0b5580e79dfc9896,ACTIVA,1,No
cd43fbcf2e6758ba,SIN ACTUALIZAR,1,No
c79c16b4b82a5448,SIN ACTUALIZAR,1,No
3fda7b1c2c040437,SIN ACTUALIZAR,2,Sí
182b0dea8f3f2d79,ACTIVA,1,No
f13ef30924d9e20a,SIN ACTUALIZAR,1,No
3568b95554d7b990,SIN ACTUALIZAR,1,No
89514970e1e20297,ACTIVA,1,No
69180e95ab814280,SIN ACTUALIZAR,1,No
39188a258774b2db,SIN ACTUALIZAR,1,No
8bf0457e471e1250,SIN ACTUALIZAR,1,No
75104c017f5f1d20,SIN ACTUALIZAR,1,No
40604cb1bfe3374a,SIN ACTUALIZAR,1,No
9313fe4d5a580ace,SIN ACTUALIZAR,1,No
44767b18f96c592e,ACTIVA,1,No
44f01ac3f1558f4c,ACTIVA,1,No
c051626e6113466d,SIN ACTUALIZAR,0,No
f44c5e0a30d5deb3,SIN ACTUALIZAR,1,No
0bb26bbb883ac23f,ACTIVA,1,No
d46a6d33d4ec1e42,SIN ACTUALIZAR,1,No
337f683f86185141,SIN ACTUALIZAR,1,No
2086b883938e4bc6,SIN ACTUALIZAR,1,No
0f9b311a8e8b48d5,SIN ACTUALIZAR,1,No
587406e10a8a94f5,SIN ACTUALIZAR,1,No
2e655ed87f6c7141,SIN ACTUALIZAR,2,No
500c945106e80c97,ACTIVA,2,No
75ca383d84678967,SIN ACTUALIZAR,1,No
4359d54d3d89e9f9,SIN ACTUALIZAR,1,No
734ad78c1d373512,SIN ACTUALIZAR,2,No
1a0e91f519c0393d,SIN ACTUALIZAR,1,No
1c33440dc578675c,SIN ACTUALIZAR,2,No
c96a5d8ae5170d9a,SIN ACTUALIZAR,1,No
3dd595f1c364df95,ACTIVA,1,No
9a831e1df0c97540,ACTIVA,1,No
d78fb37bf1fe8f75,SIN ACTUALIZAR,1,No
4bab628e74a270d0,SIN ACTUALIZAR,1,No
b3abeed147488ba3,SIN ACTUALIZAR,1,No
70c18da6f06c6019,SIN ACTUALIZAR,1,No
c4dbeaeea9808486,ACTIVA,1,No
18cff3f609168fc4,ACTIVA,1,No
2fb0f5c78100f8b7,SIN ACTUALIZAR,1,No
6a91389bf293538f,ACTIVA,1,No
b1a4664c661be7be,SIN ACTUALIZAR,1,No
ae4ea086f68f3ee8,SIN ACTUALIZAR,1,No
1431d8fee5aacd64,SIN ACTUALIZAR,1,No
66f27dc2a523e6a0,SIN ACTUALIZAR,2,No
a6a718109e546110,SIN ACTUALIZAR,1,No
0f81cabf1d072c91,SIN ACTUALIZAR,1,No
043066daf2109523,SIN ACTUALIZAR,2,No
31313149449d5274,SIN ACTUALIZAR,1,No
ec04d0809913c908,SIN ACTUALIZAR,1,No
f16b39795100947d,ACTIVA,2,No
22c4ca5d4aad0e29,SIN ACTUALIZAR,1,No
d1de4364fe0c50c5,SIN ACTUALIZAR,1,No
562ee856c2561ecf,SIN ACTUALIZAR,1,No
600cb180b5f3ecfc,SIN ACTUALIZAR,1,No
c7bf117459b94624,SIN ACTUALIZAR,2,No
de83c8c1ab866148,SIN ACTUALIZAR,1,No
7746d4fda1572a9d,SIN ACTUALIZAR,1,No
7c67244a774f1029,SIN ACTUALIZAR,1,No
445c2ca905d33514,SIN ACTUALIZAR,1,No
8fddf385e2f160a5,ACTIVA,1,No
3e872c0bb49374e4,SIN ACTUALIZAR,2,No
2aaad41b89dfad19,SIN ACTUALIZAR,1,No
0184d9cd40b59ecf,SIN ACTUALIZAR,1,No
ca7642f671fc17c3,SIN ACTUALIZAR,1,No
f26bfed326918116,SIN ACTUALIZAR,1,No
b1c7938057dcec77,SIN ACTUALIZAR,1,No
033321360f1aa969,SIN ACTUALIZAR,3,No
2cfbedf50a09b076,SIN ACTUALIZAR,2,No
8cb4ff418c6b5c4d,SIN ACTUALIZAR,1,No
38646e7018567f2b,SIN ACTUALIZAR,1,No
d7883857184801ab,SIN ACTUALIZAR,1,No
d454b7e2eeddc6df,SIN ACTUALIZAR,2,No
fb2f1a6feb861c43,ACTIVA,2,No
ba6d6e9adee18952,SIN ACTUALIZAR,1,No
204822720f83b243,SIN ACTUALIZAR,1,No
ff86d28801139f82,SIN ACTUALIZAR,1,No
5fb9e6747baabb8b,SIN ACTUALIZAR,1,No
ff44c043b9fe8d7e,SIN ACTUALIZAR,1,No
39f773b51f490fe8,SIN ACTUALIZAR,1,No
2f6a1b6f560a5a9d,SIN ACTUALIZAR,3,No
c045c9fd4d397e93,SIN ACTUALIZAR,1,No
edaa8bc3853e1f94,SIN ACTUALIZAR,1,No
e7f505979712e8a9,SIN ACTUALIZAR,1,No
f039bb52f09bae37,SIN ACTUALIZAR,1,No
9fec1108f1ecb4f3,SIN ACTUALIZAR,1,No
fa02750bf6f9eb53,SIN ACTUALIZAR,1,No
21515b45897c411d,SIN ACTUALIZAR,1,No
82ba9b272ce795cd,SIN ACTUALIZAR,2,No
193945e8c5d8a2db,SIN ACTUALIZAR,1,No
bc7773ef3acb6463,SIN ACTUALIZAR,3,No
17918fe6a941b63d,ACTIVA,2,No
84ef557b626c0d70,SIN ACTUALIZAR,1,No
b2c5fa85cd74d802,SIN ACTUALIZAR,2,No
eabc42e9671c2895,SIN ACTUALIZAR,1,No
cb6833f2df5d21e6,SIN ACTUALIZAR,1,No
55f3b2c4318b3b89,SIN ACTUALIZAR,1,No
cee4de0a0db0aa32,SIN ACTUALIZAR,2,No
6c2de034f0f34897,SIN ACTUALIZAR,1,No
6c500067255b2dd1,SIN ACTUALIZAR,2,No
9ea0a17ae2cd7b51,SIN ACTUALIZAR,1,No
badff439bb13ffd5,SIN ACTUALIZAR,1,No
ce48311acef92474,SIN ACTUALIZAR,1,No
969ed3f1080ab89a,ACTIVA,1,No
573ecbdbc1d3eb0c,SIN ACTUALIZAR,2,No
37681a2a5b6bb0e0,SIN ACTUALIZAR,1,No
060c3727b518f92a,SIN ACTUALIZAR,1,No
78cafa1455a7c00b,SIN ACTUALIZAR,1,No
155464e7a35faffd,SIN ACTUALIZAR,1,No
c220777a3969d97f,SIN ACTUALIZAR,1,No
0d762d8bde4db889,SIN ACTUALIZAR,1,No
ddb2dd39f573f1d8,ACTIVA,1,No
b478183547352ada,SIN ACTUALIZAR,0,No
323b4f3c0dc7a969,SIN ACTUALIZAR,0,No
523ee7b02cfbdd13,SIN ACTUALIZAR,1,No
e4e9e181856482c0,SIN ACTUALIZAR,1,No
76ee8ca009e6a6c6,SIN ACTUALIZAR,1,No
231c10e69d1756ef,ACTIVA,1,No
33d389e41b80558d,SIN ACTUALIZAR,1,No
e72ecedaf98691d2,SIN ACTUALIZAR,1,No
a9f80b4eaba3fd13,SIN ACTUALIZAR,1,No
459535faa370a3b5,SIN ACTUALIZAR,2,No
fcc273a8d7c05c62,ACTIVA,2,No
07c34db0f9b498e6,SIN ACTUALIZAR,1,No
b4613bfbd2f2240d,SIN ACTUALIZAR,1,No
750c5570c2cf7125,SIN ACTUALIZAR,1,No
0f8e631d28e2a339,SIN ACTUALIZAR,1,No
11e8a99b4c0365ce,SIN ACTUALIZAR,2,No
06979a58380a380e,SIN ACTUALIZAR,1,No
04529e7d46fe7afd,SIN ACTUALIZAR,1,No
459b20a336e0be54,SIN ACTUALIZAR,2,No
2ffed2d338c5d351,ACTIVA,1,No
1b2267297dc6d4f9,ACTIVA,1,No
84909c7ba11f1777,ACTIVA,1,No
a7b715232270f0b5,SIN ACTUALIZAR,1,No
fe1639622597f5e6,SIN ACTUALIZAR,1,No
311a0ae57be934ee,ACTIVA,1,No
08a3515a08a585bd,SIN ACTUALIZAR,1,No
2495f1a6b581f7d5,SIN ACTUALIZAR,1,No
c851c78a55997347,SIN ACTUALIZAR,1,No
47b36003558d1b59,ACTIVA,1,No
4d14a5995da4ce5d,ACTIVA,2,No
d15e6940c18405cc,ACTIVA,1,No
2275839bce0a7745,SIN ACTUALIZAR,1,No
a59410384afe6716,ACTIVA,1,No
3e9810d6c42015a7,SIN ACTUALIZAR,0,No
11ee4428ad4c1986,ACTIVA,1,No
ad24eef0de4c12c5,SIN ACTUALIZAR,1,No
ad6c81aeefd9094d,SIN ACTUALIZAR,2,No
2557c1c418b6b7bc,ACTIVA,2,No
79ae5bcd32198b7e,ACTIVA,2,No
6e43cccdee0793a0,SIN ACTUALIZAR,1,No
8565771b950a8d86,SIN ACTUALIZAR,3,No
3fd7dcc7254f34db,SIN ACTUALIZAR,1,No
3f96bb15bf6a0b7e,ACTIVA,2,No
62eb090b0efe65ec,ACTIVA,1,No
a404ce80b10d8d58,SIN ACTUALIZAR,1,No
be505f3ef54b2645,SIN ACTUALIZAR,1,No
3ff89028d473468d,SIN ACTUALIZAR,1,No
c03a6aa8f86dcc70,ACTIVA,1,No
0dac761b2dabecc3,ACTIVA,1,No
db9bdd904326faf9,ACTIVA,0,No
ff43d6c70646f200,ACTIVA,2,No
1b457162acd3bc24,ACTIVA,1,No
24f0a8fb44e42779,ACTIVA,1,No
b6e039438d20ed92,ACTIVA,1,No
516d51b2955c0082,ACTIVA,2,No
3050fd91b6c1b3b9,ACTIVA,1,No
ac69dee7b40ecfdb,SIN ACTUALIZAR,1,No
2b094c4248c216c8,ACTIVA,2,No
451b8440af050560,ACTIVA,1,No
d78aa3b4afc5f66a,ACTIVA,0,No
9ab23d10f7d2d2a5,ACTIVA,1,No
e51898fad5ebb4ed,SIN ACTUALIZAR,1,No
070f410d52485334,ACTIVA,1,No
e97ee1c8ea71208a,ACTIVA,1,No
2c7881a5e706e7ad,SIN ACTUALIZAR,1,No
6df4de83894dd56d,SIN ACTUALIZAR,2,No
a5a0ba51af5bb80d,SIN ACTUALIZAR,1,No
958c9e58139db36e,SIN ACTUALIZAR,1,No
1978463ef124546a,ACTIVA,1,No
7a866153fcd1a9ed,SIN ACTUALIZAR,1,No
f258849b08ca24e8,ACTIVA,1,No
ae828b626876e6f4,ACTIVA,3,No
12e7c7566a5de8da,SIN ACTUALIZAR,1,No
b4dba64a53e74afb,SIN ACTUALIZAR,1,No
6da0039598038673,ACTIVA,2,No
dff81563ddfe78cb,ACTIVA,1,No
5143486f326c168b,SIN ACTUALIZAR,2,No
40f1573a5d7a3090,SIN ACTUALIZAR,2,No
6ede7dbab9bde217,SIN ACTUALIZAR,2,No
87d6d0a52f25b8f4,ACTIVA,1,No
5dba4c55aba1fdcf,ACTIVA,1,No
1296ac4d28b54a42,SIN ACTUALIZAR,1,No
b57104c5b0f19d02,ACTIVA,1,No
afdcba2e170f8107,ACTIVA,1,No
ce70393d427f1dc8,SIN ACTUALIZAR,1,No
2fa87a66a552805c,SIN ACTUALIZAR,1,No
d840689d7a7eadaf,SIN ACTUALIZAR,1,No
d096e644f8596611,SIN ACTUALIZAR,0,No
d33b55fbe52c9655,ACTIVA,1,No
3dc87ab71825dc94,SIN ACTUALIZAR,2,No
618b4b2f7b6affc5,SIN ACTUALIZAR,1,No
3d171d4c4423b6e6,ACTIVA,1,No
41cf5599ce76795d,ACTIVA,2,No
49c5a999428a9857,SIN ACTUALIZAR,1,No
35909d826b0d0106,SIN ACTUALIZAR,1,No
723c8ae864f6a593,SIN ACTUALIZAR,1,No
1ec78efd3cb17834,ACTIVA,1,No
790a2ddcfc65acc4,ACTIVA,1,No
dd7454c87e9e5773,SIN ACTUALIZAR,1,No
824a6d3e2238f873,SIN ACTUALIZAR,1,No
f0cec1870916d192,SIN ACTUALIZAR,1,No
f0a46b51c7f79141,ACTIVA,1,No
d349e1e407cb567f,ACTIVA,1,No
b140c0d8ec76f99f,ACTIVA,2,No
455a27a9ccf22275,ACTIVA,2,No
7cf6977351f5e913,ACTIVA,3,No
b0f14e5fdb90799d,SIN ACTUALIZAR,1,No
e96d2e151b7f83a7,SIN ACTUALIZAR,1,No
138bfa9926852672,ACTIVA,1,No
943cbef5c7344512,ACTIVA,1,No
c59311a9fd2ee477,ACTIVA,1,No
29c90b07b3bbcdd2,SIN ACTUALIZAR,1,No
adab4fae622e6259,ACTIVA,1,No
f4cf9599d00abda5,SIN ACTUALIZAR,1,No
b40d81e5f3f32413,SIN ACTUALIZAR,1,No
2c2b084e950f82e9,ACTIVA,1,No
5d386cc79266bbaa,SIN ACTUALIZAR,1,No
6751fca908b38c66,ACTIVA,1,No
f0955d58cbd45395,SIN ACTUALIZAR,2,No
f26e2ff4cfb6d9c1,SIN ACTUALIZAR,3,No
d35c8ee044b25c9c,SIN ACTUALIZAR,1,No
a1c6cdec44005a21,SIN ACTUALIZAR,1,No
aa2c8b9ceda2a45d,ACTIVA,2,No
a1e2bd5c65064ebb,SIN ACTUALIZAR,1,No
6b2e2a8cf5ea043c,ACTIVA,1,No
ecd8ff751a15307e,ACTIVA,1,No
99ac17d9dc45a11b,ACTIVA,2,No
93470578e5b44457,SIN ACTUALIZAR,1,No
c4c455745b9d35ff,ACTIVA,1,No
318018ad8c3f51a5,ACTIVA,1,No
9fdc2ddeb732265f,SIN ACTUALIZAR,1,No
9e8250c7277d6592,SIN ACTUALIZAR,2,No
a8fe4ea49ae559b6,SIN ACTUALIZAR,1,No
0b2862aa62d75f4e,SIN ACTUALIZAR,1,No
6a5c1cebf7557839,SIN ACTUALIZAR,2,No
efc2aad7b8e2a5b6,ACTIVA,1,No
24a8e2741c9fd087,ACTIVA,1,No
4fb94f5f59bfbc42,ACTIVA,1,No
202ba861276c1f05,SIN ACTUALIZAR,1,No
6e230db92fd03ebc,SIN ACTUALIZAR,1,No
2a712e82b50faa78,SIN ACTUALIZAR,4,No
b3bf1dc9716e16ea,ACTIVA,1,No
ee4f8781fe28ccc7,ACTIVA,2,Sí
5c57a8b0a40491fd,ACTIVA,1,No
9d137f2b45044092,SIN ACTUALIZAR,1,No
427a600f3249f03b,SIN ACTUALIZAR,1,No
950ed53de3079602,SIN ACTUALIZAR,1,No
c812024bf0656fc3,ACTIVA,1,No
5da35d3f3c960067,ACTIVA,1,No
46afbcfb9cf5a388,SIN ACTUALIZAR,1,No
e67a0f94cf3acf8d,ACTIVA,1,No
b60952beaf28bf1d,ACTIVA,1,No
99ebaae5dd8634fb,SIN ACTUALIZAR,1,No
42f168c63b8d58e8,SIN ACTUALIZAR,1,No
0e64c52973bd1e88,SIN ACTUALIZAR,1,No
0f05bcccb11843f6,SIN ACTUALIZAR,1,No
b980176c9261d0a3,SIN ACTUALIZAR,2,No
a176eeb31e601c38,SIN ACTUALIZAR,1,No
9d2b685f54797ea2,SIN ACTUALIZAR,1,No
b9e02bd01a739df2,SIN ACTUALIZAR,1,No
bd2c9d62ce3903b5,SIN ACTUALIZAR,2,No
5dcdf9248666dc29,SIN ACTUALIZAR,3,No
a0082f39b13a6246,SIN ACTUALIZAR,1,No
2ce7089bb645979a,ACTIVA,1,No
56b296e29061e33f,SIN ACTUALIZAR,1,No
9bc8708c8077c33a,SIN ACTUALIZAR,1,No
d5e685b3b18e8024,SIN ACTUALIZAR,1,No
9c9a60de5876fab9,SIN ACTUALIZAR,0,No
3d0231925f906b0a,SIN ACTUALIZAR,0,No
ed12f17149c7e7b5,SIN ACTUALIZAR,1,No
654c495ab1cb7e12,SIN ACTUALIZAR,1,No
d3b842e4dd2fceb2,SIN ACTUALIZAR,1,No
9e6e0a0f2f12c9a5,SIN ACTUALIZAR,1,No
b893116caf501ac2,SIN ACTUALIZAR,0,No
31d7b3e8fbd95178,SIN ACTUALIZAR,1,No
8f9e8700a919ab77,SIN ACTUALIZAR,1,No
745c9ffd278fae91,SIN ACTUALIZAR,4,No
915221c5a669df73,SIN ACTUALIZAR,1,No
4790bcf551319c81,SIN ACTUALIZAR,1,No
227ae37684d3f170,ACTIVA,2,No
b4e5384402e135d9,SIN ACTUALIZAR,1,No
008a8b3f1dd54fca,SIN ACTUALIZAR,2,No
cc613785619431ed,SIN ACTUALIZAR,2,No
545f24203344d523,SIN ACTUALIZAR,1,No
d865ced9f5605e91,SIN ACTUALIZAR,1,No
a2302ca24fa52341,SIN ACTUALIZAR,1,No
6ec1a74b790eb4d9,SIN ACTUALIZAR,1,No
9765da35893bd58f,SIN ACTUALIZAR,1,No
a858a6af86bc4dab,SIN ACTUALIZAR,1,No
236fb446603c9797,ACTIVA,2,No
e1be0c7a2dc28011,ACTIVA,1,No
d729564426a4d3e7,SIN ACTUALIZAR,0,No
dc4aa707636ec734,ACTIVA,1,Sí
84bf2c8ac605d27a,SIN ACTUALIZAR,1,No
7d04e37bce419c44,SIN ACTUALIZAR,1,No
f138665c5aa66008,ACTIVA,1,No
155add458260ae25,ACTIVA,3,No
3635a91e3da857f7,SIN ACTUALIZAR,2,No
085a39668d5ccfdb,SIN ACTUALIZAR,1,No
10f3cad2eae396f5,SIN ACTUALIZAR,1,No
a88dd0e3875baf34,ACTIVA,1,No
bafeecedcc76f7c6,ACTIVA,2,No
d38e2c5cca8a7a50,SIN ACTUALIZAR,0,No
41bee82cc0b1bb23,SIN ACTUALIZAR,1,No
f19c99fbe5a83563,SIN ACTUALIZAR,1,No
ea185932ebe41c25,SIN ACTUALIZAR,1,No
b2730ab9f4c66649,ACTIVA,2,No
0929e8b8a5ba31f6,ACTIVA,2,No
b0a0190fbd5d33c3,ACTIVA,1,No
199faaa8753faecc,SIN ACTUALIZAR,1,No
091ebb75152d8343,ACTIVA,1,No
f65ccfbfec288565,ACTIVA,1,No
200da3f7383a21aa,ACTIVA,2,No
0968ff942a3c374e,ACTIVA,1,No
007bb9f0a05a8edb,SIN ACTUALIZAR,2,No
f7aa02cc95942ab3,SIN ACTUALIZAR,1,No
6ca6d4116bf5a18f,SIN ACTUALIZAR,1,No
9559a86ad203273d,ACTIVA,1,No
677c622c0bfb82c2,ACTIVA,1,No
4c94f0d7b4074bcc,SIN ACTUALIZAR,1,No
8046629df792a6d2,ACTIVA,1,No
a65acf0fa6310039,SIN ACTUALIZAR,1,No
26aa59b0095566ea,SIN ACTUALIZAR,1,No
97879d27a779f9c7,ACTIVA,2,No
72dbab0e0717addc,ACTIVA,1,No
961cfdae18404380,SIN ACTUALIZAR,1,No
6f7eceeaacb70c0e,SIN ACTUALIZAR,1,No
dd33533237c106c4,SIN ACTUALIZAR,2,No
4ea208a1fe491966,ACTIVA,1,No
8d0b9a84ba456766,ACTIVA,2,No
d118ac9423cc4c9e,SIN ACTUALIZAR,1,No
63498969cec4d2e8,ACTIVA,1,No
07e1906a4c417ea7,ACTIVA,2,Sí
2ae7ffb0ec4d1bcc,SIN ACTUALIZAR,0,No
af96d7157462b047,SIN ACTUALIZAR,1,No
b0f59ce1e1fb6222,SIN ACTUALIZAR,1,No
384feedbdb892b89,SIN ACTUALIZAR,1,No
204da20c1bca1f5e,ACTIVA,2,No
df2760a948607f89,ACTIVA,1,No
c16f0b7cdee3720b,SIN ACTUALIZAR,3,No
5e356466d0839317,SIN ACTUALIZAR,1,No
cb52b76a21d7312c,SIN ACTUALIZAR,1,No
4b6dc8c035ab6192,ACTIVA,1,No
6cf165b36b062af5,SIN ACTUALIZAR,1,No
9f7cf981d70756fd,ACTIVA,1,No
ead595aca2c88523,ACTIVA,3,No
82bd3b63e2f8767c,ACTIVA,0,No
23081261b042a6d9,ACTIVA,1,No
5d4785c2384fb6ea,ACTIVA,1,No
894261bd80239acb,ACTIVA,1,No
92aded40fbb9c79e,SIN ACTUALIZAR,1,No
98aa388d087d08bd,SIN ACTUALIZAR,1,No
314e5c52ec835e5c,ACTIVA,2,No
263b20fc4cb4953c,SIN ACTUALIZAR,1,No
83a1e3dad03ad9eb,ACTIVA,1,No
467a725412864161,SIN ACTUALIZAR,1,No
53cc34946e2b6c46,SIN ACTUALIZAR,1,No
4f55f9efea280e16,ACTIVA,1,Sí
9a057ff381852e86,SIN ACTUALIZAR,0,No
dc1cdc6ee450a4c5,SIN ACTUALIZAR,1,No
d9eaebd61d95ed16,SIN ACTUALIZAR,2,No
9ebbcf9ff1a9a75c,SIN ACTUALIZAR,1,No
99c842680c4e5f25,ACTIVA,1,No
3a481e728390d89c,SIN ACTUALIZAR,2,No
edf56b44266895fa,SIN ACTUALIZAR,1,No
c25b5a63510f96f2,SIN ACTUALIZAR,1,No
0436db4c41244f64,ACTIVA,1,No
6a681da66f1def97,SIN ACTUALIZAR,0,No
260f58b1166299a7,ACTIVA,1,No
af2e308510a24a6a,SIN ACTUALIZAR,1,No
73e7680610ab579a,SIN ACTUALIZAR,1,No
c877aac768d87288,ACTIVA,3,No
ba533966ff149ff7,SIN ACTUALIZAR,1,No
732c6036918b7f0f,SIN ACTUALIZAR,1,No
2f9d1a14730e7be4,ACTIVA,1,No
4b10a58ceb4622af,SIN ACTUALIZAR,2,No
cad1b10398944dcf,SIN ACTUALIZAR,1,No
c36122b6306db621,SIN ACTUALIZAR,1,No
133a57f8cf2b4639,SIN ACTUALIZAR,1,No
7b968457994ab68a,ACTIVA,1,No
fa60b7ab4b35fbb4,SIN ACTUALIZAR,1,No
cc5bb305846d6e83,SIN ACTUALIZAR,1,No
3e3957ce5ed1a1d9,SIN ACTUALIZAR,3,No
38d1b68184b8e37c,SIN ACTUALIZAR,1,No
22ac6b28d2266deb,SIN ACTUALIZAR,1,No
cebaf002d886615d,ACTIVA,1,No
475368189e17ec9d,SIN ACTUALIZAR,0,No
0c2dfda47ccd58d4,SIN ACTUALIZAR,1,No
5a702680e39415f7,SIN ACTUALIZAR,1,No
3be96fef0491d30e,ACTIVA,1,No
528b7a40e084b69d,ACTIVA,2,No
b4b56103046e0330,ACTIVA,1,No
827050ef00e06c55,ACTIVA,1,No
62e30103131a26bf,ACTIVA,2,No
0343d6e77de0f459,SIN ACTUALIZAR,1,No
e1fca06213ab7188,ACTIVA,1,No
3fb415130ce98488,SIN ACTUALIZAR,1,No
25b7e4ec4db25511,SIN ACTUALIZAR,0,No
31477215f87f1d49,SIN ACTUALIZAR,1,No
1ff3c9f22859d984,SIN ACTUALIZAR,1,No
eaf21c479a1142c8,ACTIVA,2,No
2ed2f71a66afe3df,SIN ACTUALIZAR,1,No
b40a99728ddd38d7,SIN ACTUALIZAR,1,No
98dc495c4e2b6076,ACTIVA,1,No
cac3b69afa92db4a,SIN ACTUALIZAR,1,No
8b0e465d34889055,SIN ACTUALIZAR,0,No
d235f7a2c0be81ce,SIN ACTUALIZAR,0,No
b43ae271bf91e82c,SIN ACTUALIZAR,0,No
46f73a648dfd8829,ACTIVA,0,No
f6cd1a170f654805,SIN ACTUALIZAR,0,No
786af9cf0795855d,SIN ACTUALIZAR,0,No
975b7e83f8d4d046,SIN ACTUALIZAR,0,No
6a0d62bf95727426,SIN ACTUALIZAR,0,No
dbd83f083ad46b51,SIN ACTUALIZAR,0,No
8267bed254fb7b1a,SIN ACTUALIZAR,0,No
dd8826b4b2a62661,SIN ACTUALIZAR,0,No
9517a83916973190,SIN ACTUALIZAR,0,No
c389ebcc97585e39,SIN ACTUALIZAR,0,No
3cc04c5fa0bb6f16,SIN ACTUALIZAR,0,No
e3058cd9f6583d89,SIN ACTUALIZAR,0,No
c74ef6637df1ff3a,ACTIVA,0,No
862b97a0a58967a3,SIN ACTUALIZAR,0,No
fcbeb3c77935d42e,SIN ACTUALIZAR,0,No
eabddb2a81223e30,SIN ACTUALIZAR,0,No
06c8d8da61751af5,SIN ACTUALIZAR,0,No
6c01192ad3b48d0f,SIN ACTUALIZAR,0,No
7319ea2a3609eb87,SIN ACTUALIZAR,0,No
1de2fa310bd1f249,SIN ACTUALIZAR,0,No
cecb343cca5c7c50,SIN ACTUALIZAR,0,No
5bf56ef69a78b021,SIN ACTUALIZAR,0,No
9d414b12d28f3b7a,SIN ACTUALIZAR,0,No
4de8e730b8e03282,SIN ACTUALIZAR,0,No
2523a322e9c4c14b,SIN ACTUALIZAR,0,No
5ecae6ac737e5a4e,SIN ACTUALIZAR,0,No
3feae89bac4b1c06,SIN ACTUALIZAR,0,No
b50825e9459d23ad,SIN ACTUALIZAR,0,No
80fd373f20718758,SIN ACTUALIZAR,0,No
98734b6a4aab305e,SIN ACTUALIZAR,0,No
a5e96607bdadf14f,SIN ACTUALIZAR,0,No
c2ce9fbf2c0b60bb,SIN ACTUALIZAR,0,No
61a57c39d2ed5a33,SIN ACTUALIZAR,0,No
cdbf17a19cc656b3,SIN ACTUALIZAR,0,No
9e24fe79723f8abd,SIN ACTUALIZAR,0,No
f37decbadbcf8e61,SIN ACTUALIZAR,0,No
62075342535cd7f3,SIN ACTUALIZAR,0,No
68192031701dc918,SIN ACTUALIZAR,0,No
5109c1e0095d83e6,SIN ACTUALIZAR,0,No
22aa41c5d41f7524,SIN ACTUALIZAR,0,No
604410d157b0b462,SIN ACTUALIZAR,0,No
d8e2c47b911982b5,SIN ACTUALIZAR,0,No
481f47d7520d814e,SIN ACTUALIZAR,0,No
0882c249dbd51681,SIN ACTUALIZAR,0,No
3f29c502c0eb21ca,SIN ACTUALIZAR,0,No
6b6a9c3cd1d8abcf,SIN ACTUALIZAR,0,No
84d74c3153bd3324,SIN ACTUALIZAR,0,No
6e255c6a8a138e74,SIN ACTUALIZAR,0,No
606714d3f0456d52,SIN ACTUALIZAR,0,No
485fb60c98de43c8,SIN ACTUALIZAR,0,No
a181711dfc2c66a0,SIN ACTUALIZAR,0,No
0f6db083a36fb79b,SIN ACTUALIZAR,0,No
e46a83056a6e9cdf,SIN ACTUALIZAR,0,No
7297deed53c8b4c3,SIN ACTUALIZAR,0,No
c666bb5acb665dec,SIN ACTUALIZAR,0,No
b36f13b56fbe253d,SIN ACTUALIZAR,0,No
c9fbd978ec49f2e6,SIN ACTUALIZAR,0,No
9d316425feecb53c,SIN ACTUALIZAR,0,No
be2b97475d4e00c6,SIN ACTUALIZAR,0,No
a05324a39ada3bea,SIN ACTUALIZAR,0,No
c523613877b206aa,SIN ACTUALIZAR,0,No
1d16a2735c7e1355,SIN ACTUALIZAR,0,No
ad7c2b601d56baca,SIN ACTUALIZAR,0,No
0a08a44b77703a0c,SIN ACTUALIZAR,0,No
d82b8750bca8df61,SIN ACTUALIZAR,0,No
6867e569323f51fa,SIN ACTUALIZAR,0,No
9834a336cc090c52,SIN ACTUALIZAR,0,No
b00fcb1a78802c12,SIN ACTUALIZAR,0,No
e0687f1cb50c824e,SIN ACTUALIZAR,0,No
a615b8485af763bf,SIN ACTUALIZAR,0,No
eae6a30bae448622,SIN ACTUALIZAR,0,No
af736fc76e2c8c83,SIN ACTUALIZAR,0,No
04c737230c964d3c,SIN ACTUALIZAR,0,No
10796f621b76ba88,SIN ACTUALIZAR,0,No
8e95c20cd1b031b0,SIN ACTUALIZAR,0,No
e42e54d160fd1773,SIN ACTUALIZAR,0,No
c1290c3193723a8b,SIN ACTUALIZAR,0,No
b37415448f52de64,SIN ACTUALIZAR,0,No
69f9be07d08df66d,SIN ACTUALIZAR,0,No
e68611a3c7841a4f,SIN ACTUALIZAR,0,No
5c6187c65607bf25,SIN ACTUALIZAR,0,No
517c3582cf36b117,SIN ACTUALIZAR,0,No
eefea63e90ac291f,SIN ACTUALIZAR,0,No
664f8848549cac37,SIN ACTUALIZAR,0,No
8abe0e454237e290,SIN ACTUALIZAR,0,No
1e7fdd3affa21e01,SIN ACTUALIZAR,0,No
e4e467d7eed779cf,ACTIVA,0,No
8e181706d88fc34a,ACTIVA,0,No
f2375e2f6439ffa5,ACTIVA,0,No
ad0b61fafd0e5c07,SIN ACTUALIZAR,0,No
547df2affa8f285c,ACTIVA,0,No
d318b5103642196c,ACTIVA,0,No
144af52b3136b9a9,ACTIVA,0,No
a9521dea9833ac84,ACTIVA,0,No
da90d08209ad06fe,ACTIVA,0,No
807e4031ae74a838,ACTIVA,0,No
adc1c8bb0d89c828,ACTIVA,0,No
a5c44cf41754d8cc,SIN ACTUALIZAR,1,No
a95d67cec3543764,SIN ACTUALIZAR,2,No
a69a7896a1cbdcea,SIN ACTUALIZAR,3,No
cae26a9f8e130314,SIN ACTUALIZAR,1,No
2d70e0c2a05317db,ACTIVA,1,No
1628e107773c273d,ACTIVA,2,No
0457f727ec113e41,SIN ACTUALIZAR,1,No
85be243f048a9242,SIN ACTUALIZAR,1,No
315b1eb597178e38,SIN ACTUALIZAR,1,No
84245b0cac9aa13f,SIN ACTUALIZAR,1,No
33c31ff8906aca18,SIN ACTUALIZAR,1,No
fd724877e1d9f26f,ACTIVA,1,No
44eecee903a17c96,SIN ACTUALIZAR,2,Sí
08239f8781c9538f,SIN ACTUALIZAR,1,No
88484305edc877e6,SIN ACTUALIZAR,1,No
1d00ce3850e67d53,SIN ACTUALIZAR,0,No
ae9fb1b26e8f2bf9,SIN ACTUALIZAR,1,No
7ebe68b65174c77c,ACTIVA,1,No
2cb7446ca7c2f6b1,SIN ACTUALIZAR,1,No
29e03cf006b526b5,SIN ACTUALIZAR,1,No
1bd3b51d29f0e9bb,SIN ACTUALIZAR,1,No
0cba2fa7ffebce9b,SIN ACTUALIZAR,1,No
68396e460497efeb,SIN ACTUALIZAR,1,No
654a1fa137a5a5c1,SIN ACTUALIZAR,1,No
3e8b992727316255,SIN ACTUALIZAR,1,No
3c2ffe67e845548b,ACTIVA,1,No
dc7ae960fe307333,SIN ACTUALIZAR,1,No
7e607909fd879bbc,SIN ACTUALIZAR,1,No
d0b78ae235e484b1,ACTIVA,1,No
af6dbd760f69b116,SIN ACTUALIZAR,1,No
b075b077003ff21c,SIN ACTUALIZAR,2,No
0e05fcf56a125fb7,SIN ACTUALIZAR,1,No
43d573b835219e75,SIN ACTUALIZAR,1,No
2127ae39c1c114f5,SIN ACTUALIZAR,1,No
d919054469d4fbaf,SIN ACTUALIZAR,1,No
b856aac2f8db9717,SIN ACTUALIZAR,3,No
a397078318911c5e,SIN ACTUALIZAR,1,No
c8d0b5c840299e96,SIN ACTUALIZAR,1,No
615cd77bb6c3031c,SIN ACTUALIZAR,1,No
0d66b810ef2ec67e,SIN ACTUALIZAR,1,No
0d877f642f12d86b,SIN ACTUALIZAR,2,No
94943599f5733c0a,SIN ACTUALIZAR,1,No
25bf0c5d6d9a9c8d,SIN ACTUALIZAR,0,No
78cb6709ef3e4aa9,SIN ACTUALIZAR,1,No
17b2cdce208afc5c,SIN ACTUALIZAR,2,No
441d52930203f6c3,SIN ACTUALIZAR,0,No
b4cd8bb27a3ec866,SIN ACTUALIZAR,1,No
7facf5867d64df2a,SIN ACTUALIZAR,1,No
be1dfca7b57921df,SIN ACTUALIZAR,0,No
1e3a2d08ecda783f,ACTIVA,0,No
a0270321ab5125a7,SIN ACTUALIZAR,0,No
65d769c3b509edc5,SIN ACTUALIZAR,0,No
c4f531342c9623be,SIN ACTUALIZAR,0,No
2abf512165e466fa,ACTIVA,0,No
2bf44493d5827329,SIN ACTUALIZAR,0,No
d8a55005e2d2f945,SIN ACTUALIZAR,0,No
099f101c38e2ac11,SIN ACTUALIZAR,0,No
6366e59b1358e505,SIN ACTUALIZAR,0,No
93eb82316a6fd1f2,SIN ACTUALIZAR,0,No
69fa4375f140d4d3,ACTIVA,0,No
fdc115fe97bad517,SIN ACTUALIZAR,0,No
00dd3f55a187c19f,SIN ACTUALIZAR,0,No
d16896e31f1232b5,SIN ACTUALIZAR,0,No
2eb209422cff70db,SIN ACTUALIZAR,0,No
662ab03ff436cfd2,SIN ACTUALIZAR,0,No
136c3808b91375ff,ACTIVA,0,No
ea644091bac11f85,SIN ACTUALIZAR,0,No
7cb0717f89a5efe4,SIN ACTUALIZAR,0,No
5f36799f6d408d2c,SIN ACTUALIZAR,0,No
574d87d75316afd7,SIN ACTUALIZAR,0,No
ec2c615bcfac7cce,SIN ACTUALIZAR,0,No
4b06b909485859fc,ACTIVA,1,No
9645139872a02412,ACTIVA,1,No
c6a4d07932b070f9,SIN ACTUALIZAR,1,No
525217c3494a8ec9,SIN ACTUALIZAR,2,No
a2b0c6bab7f2fce6,SIN ACTUALIZAR,1,No
80335c1f5da13ee4,ACTIVA,1,No
af02c24dcb62933e,ACTIVA,1,No
21049fe0067fdec0,ACTIVA,1,No
a34d9062a71905f1,ACTIVA,2,No
3dfcfacbb1498f30,SIN ACTUALIZAR,1,No
a03cdf8716fd211e,SIN ACTUALIZAR,1,No
ea215720034a4c30,SIN ACTUALIZAR,1,No
64e14e2ad48c0dab,SIN ACTUALIZAR,1,No
2c384d69debd3571,SIN ACTUALIZAR,0,No
31bf69fdbcca93c7,ACTIVA,1,No
b0529aadcd311cd2,SIN ACTUALIZAR,1,No
97fde1d965ad6b6b,ACTIVA,1,No
89646000c155c2e2,ACTIVA,1,No
8bba693c86335e49,ACTIVA,1,No
17bcef2b83e98410,ACTIVA,1,No
9a3eab0033b988a7,SIN ACTUALIZAR,1,No
3d84db9802363338,SIN ACTUALIZAR,1,No
6d797d13e509080d,SIN ACTUALIZAR,1,Sí
768cc61d9554895f,SIN ACTUALIZAR,1,No
07b1415942360dbe,ACTIVA,1,No
f9324da8eb1ba0fa,SIN ACTUALIZAR,2,No
c56b598065968074,SIN ACTUALIZAR,0,No
1992a7b5f8d06c70,SIN ACTUALIZAR,1,No
31b69aaaba9a335b,SIN ACTUALIZAR,3,No
d3ccc3c3a442b275,SIN ACTUALIZAR,1,No
5be21fec7f4c958e,SIN ACTUALIZAR,1,No
68578f5806edc3d5,SIN ACTUALIZAR,1,No
ccdc36267d0d3f46,SIN ACTUALIZAR,1,No
1062c5a81e566c98,SIN ACTUALIZAR,1,No
ca902d4a8acbdea1,SIN ACTUALIZAR,1,No
31b11d75b4a9a6d5,ACTIVA,2,No
b070751113ee70c6,SIN ACTUALIZAR,0,No
56a51e205fee849c,SIN ACTUALIZAR,0,No
4bf54947363f7751,SIN ACTUALIZAR,0,No
55160abb59b175c3,SIN ACTUALIZAR,0,No
ba75e6190f20139c,SIN ACTUALIZAR,0,No
eda2b4c97af53a56,SIN ACTUALIZAR,0,No
8c8a1dd7acaf801e,SIN ACTUALIZAR,0,No
6d8cd298806194ed,SIN ACTUALIZAR,0,No
72450071eef37f9c,SIN ACTUALIZAR,0,No
c6b2538aec1b6e59,SIN ACTUALIZAR,0,No
4ebe4e856947f64e,SIN ACTUALIZAR,0,No
7b8b6647f6b7cdc5,SIN ACTUALIZAR,0,No
717cb38e970aaa04,SIN ACTUALIZAR,0,No
8f167b98bd5a08c5,SIN ACTUALIZAR,0,No
e85d695e366e8e4b,SIN ACTUALIZAR,0,No
d9eea3f08d842822,SIN ACTUALIZAR,0,No
8a2bed6d1efce64d,ACTIVA,1,No
19fabbd786c65760,SIN ACTUALIZAR,1,No
79617f598c03cb2e,ACTIVA,2,No
3cfd5cc3cc0fee92,SIN ACTUALIZAR,1,No
726b520575d8eb3a,SIN ACTUALIZAR,2,No
88111a7f4d4fbcbe,SIN ACTUALIZAR,2,No
c2b19ec30f481ae6,SIN ACTUALIZAR,0,No
aac7d4dc2eb6e607,SIN ACTUALIZAR,1,No
61f5869c42cc56c1,SIN ACTUALIZAR,0,No
b341c640b6515751,ACTIVA,1,No
201b7ed6b01e2de5,ACTIVA,2,No
8825df65b723999d,SIN ACTUALIZAR,3,No
08dc2040a631af62,SIN ACTUALIZAR,1,No
d413a4731e3205df,ACTIVA,1,No
ef1f45c34441b253,SIN ACTUALIZAR,1,No
4ffa4fb7d1176010,ACTIVA,1,No
d41c8abd2a10a194,SIN ACTUALIZAR,3,No
81abac0d19c86344,SIN ACTUALIZAR,1,No
1bcf54f5e80e6e18,SIN ACTUALIZAR,1,No
a3486138da3db935,SIN ACTUALIZAR,0,No
54d3fd385463022f,SIN ACTUALIZAR,1,No
ebc643b3a5e6c200,SIN ACTUALIZAR,1,No
3294804b14023a4b,SIN ACTUALIZAR,1,No
71c06f161fe88eb6,SIN ACTUALIZAR,1,No
80223920500c1488,SIN ACTUALIZAR,0,No
8464168f3fdb1e6e,SIN ACTUALIZAR,1,No
132f6e904a3cab6c,SIN ACTUALIZAR,1,No
5e8d4e77b7336ffd,SIN ACTUALIZAR,1,No
9db3ff1452356acd,SIN ACTUALIZAR,1,No
f5e4b9f8e704570a,SIN ACTUALIZAR,1,No
1f1fe0850060c993,ACTIVA,2,No
8aee9a1cc65c525e,SIN ACTUALIZAR,1,No
85f9b504a727a96d,SIN ACTUALIZAR,0,No
cc6c038d6d7d81c1,SIN ACTUALIZAR,1,No
b24feb419bf88f66,SIN ACTUALIZAR,1,No
4648283b1bda112b,SIN ACTUALIZAR,1,No
e8f4e8455a29aec0,SIN ACTUALIZAR,0,No
20d0fbf03df31f3d,SIN ACTUALIZAR,0,No
a9bb528ed82c6b31,SIN ACTUALIZAR,0,No
7bf3c227f531b4cd,SIN ACTUALIZAR,0,Sí
3ab8cc4279536204,SIN ACTUALIZAR,0,No
50570cbca8445cfb,SIN ACTUALIZAR,0,Sí
16a8f1ab8305800c,SIN ACTUALIZAR,0,No
c086d47afa459bf2,SIN ACTUALIZAR,0,No
a402603dcea9982b,SIN ACTUALIZAR,0,No
5c035fd112e0e070,SIN ACTUALIZAR,0,No
affd505d590d998c,SIN ACTUALIZAR,0,Sí
69aaff9a5942f959,SIN ACTUALIZAR,0,No
ed8c318c1a5d3e68,SIN ACTUALIZAR,0,No
4b2b41142406be0d,SIN ACTUALIZAR,0,No
9c273b9b6d8bff1e,SIN ACTUALIZAR,0,No
7a2bb47079b9d81e,SIN ACTUALIZAR,0,No
cd52774601bea7ac,SIN ACTUALIZAR,0,No
10e61101ca882721,SIN ACTUALIZAR,0,No
8c5674dda770c39e,SIN ACTUALIZAR,0,No
7044c21df9323f14,SIN ACTUALIZAR,1,No
82371fcb54a9d364,SIN ACTUALIZAR,1,No
b13fc05d1ab9ceab,ACTIVA,1,No
8d2617d61db661ba,ACTIVA,1,No
d6443a6487793750,ACTIVA,1,No
0c6dbdad91c6e340,SIN ACTUALIZAR,0,No
794085b394b246a0,ACTIVA,1,No
d111345e9ce285f7,SIN ACTUALIZAR,1,No
23591323fba453eb,SIN ACTUALIZAR,1,No
29fa6a2b095cd0f2,SIN ACTUALIZAR,1,No
81da74cdd40a7be6,SIN ACTUALIZAR,1,No
5901aee4bc888df5,ACTIVA,1,No
9a2828436192bf49,SIN ACTUALIZAR,1,No
f33b306389fcf1fc,SIN ACTUALIZAR,1,No
9744e9b73c0e307b,ACTIVA,1,No
8c91402db3756fd0,SIN ACTUALIZAR,1,No
9ff2fdd38208fa04,ACTIVA,1,No
2ec7c22ff8456434,SIN ACTUALIZAR,0,No
2a17761d30838a92,SIN ACTUALIZAR,1,No
97a3d725a8b47cd5,SIN ACTUALIZAR,1,No
ea37901ea6729572,SIN ACTUALIZAR,1,No
453147de581ea35f,SIN ACTUALIZAR,1,No
720929c852767966,SIN ACTUALIZAR,1,No
ee1de4914cc26e8f,SIN ACTUALIZAR,1,No
0c551c622db7a7fe,ACTIVA,1,No
d1a08ae1268b2fc1,SIN ACTUALIZAR,1,No
93af61ba9f335c50,SIN ACTUALIZAR,1,No
b0ae4a9395532425,ACTIVA,1,No
e5f4b224566103f2,SIN ACTUALIZAR,1,No
685c2d00961d08fb,ACTIVA,2,No
740ce4f545772d0f,SIN ACTUALIZAR,1,No
e88f0b20a903ce85,SIN ACTUALIZAR,1,No
0fc1d5a61ae16c66,ACTIVA,1,Sí
d3e777cf85e955eb,SIN ACTUALIZAR,1,No
a559ffbbf797ae70,ACTIVA,1,No
f79b1c8b527f4deb,ACTIVA,1,No
afa472a961fbcb09,SIN ACTUALIZAR,0,No
ffb8a68d5b41cb3e,SIN ACTUALIZAR,0,No
037cce21f9d47121,ACTIVA,0,No
b44891323cc7a2d7,SIN ACTUALIZAR,0,No
303e652fb5d5c3ea,ACTIVA,0,No
493ab7715d7f59d3,SIN ACTUALIZAR,0,No
d1e52f2d2f97f660,SIN ACTUALIZAR,0,No
8f2663f80092ecd8,SIN ACTUALIZAR,0,No
044bf64408e5532e,SIN ACTUALIZAR,0,No
641f2acadf337a56,SIN ACTUALIZAR,0,No
f653fb0d49b18e94,SIN ACTUALIZAR,0,No
25901bad3c898a01,ACTIVA,1,No
599efafe1ee22c8a,ACTIVA,1,No
b033c3254ca9a4b9,SIN ACTUALIZAR,2,No
fef1f3027ea88074,SIN ACTUALIZAR,1,No
bb92b8a22aab9859,SIN ACTUALIZAR,1,No
cbd84331da866f9d,SIN ACTUALIZAR,1,No
8fec47b1ade6347b,SIN ACTUALIZAR,1,No
8f49fe8a05605bbc,SIN ACTUALIZAR,2,No
60ba367de2c0c99a,ACTIVA,1,No
ee2fe0d2ab03e4c0,ACTIVA,1,No
2d7426d3d7b64f55,SIN ACTUALIZAR,1,No
3006a84a78b4c50b,SIN ACTUALIZAR,1,No
0e7133ab0ecacb4f,SIN ACTUALIZAR,1,No
5a59ee6d54fecef8,SIN ACTUALIZAR,2,No
322817f4854f2f71,SIN ACTUALIZAR,1,No
dcea4fa1f5fa5cbd,SIN ACTUALIZAR,1,No
cbfbf617a0d14b84,SIN ACTUALIZAR,1,No
da4b4dff45f1e3f1,ACTIVA,1,No
be7768e12d70fb63,ACTIVA,1,No
26c4ef8bc295400e,SIN ACTUALIZAR,1,No
385d4ec93f98d789,SIN ACTUALIZAR,1,No
2dce001ec7d6c004,ACTIVA,1,No
834f89542a71e3c7,SIN ACTUALIZAR,1,No
35b16d1551492b3e,SIN ACTUALIZAR,1,No
b3bad974ed019487,SIN ACTUALIZAR,1,No
218ad0f96fc11e7a,SIN ACTUALIZAR,2,Sí
60c4893828c76fb1,SIN ACTUALIZAR,1,No
09e93c98ff13a010,SIN ACTUALIZAR,1,No
3c7a48f0091d45ad,SIN ACTUALIZAR,1,No
484f4ed1203576cc,SIN ACTUALIZAR,1,No
20333b30ef06813d,SIN ACTUALIZAR,0,No
af864b0a4f77d494,SIN ACTUALIZAR,0,No
6f84d745efab29c6,SIN ACTUALIZAR,2,Sí
fabf5b7fedb3e62a,ACTIVA,6,No
9432d8024b8e052f,SIN ACTUALIZAR,1,No
e18fa102ecced256,SIN ACTUALIZAR,1,No
a1545d1fcafee8ee,SIN ACTUALIZAR,0,No
83e3b6f2a1ce99e9,SIN ACTUALIZAR,0,No
cbfba712a8623731,SIN ACTUALIZAR,0,No
f5e9525f2a13593c,SIN ACTUALIZAR,0,No
20b9d386745cd904,SIN ACTUALIZAR,0,No
edeea65724ab8f27,SIN ACTUALIZAR,0,No
76ae6b40619f3e0a,SIN ACTUALIZAR,0,No
84c6c2362865e35e,SIN ACTUALIZAR,0,No
7071b48f04c71a3c,SIN ACTUALIZAR,0,No
a81c6daaa46f2f72,ACTIVA,0,No
f4e39bf7f6794c0d,SIN ACTUALIZAR,0,No
a3306a4a382ae915,SIN ACTUALIZAR,0,No
3449ea6db5ab2387,SIN ACTUALIZAR,0,No
070167a5b89e9ff2,ACTIVA,1,No
e699683befd9f201,SIN ACTUALIZAR,1,No
640fa0873d93fe9e,ACTIVA,1,No
a934c244755c66ae,ACTIVA,1,No
cd26ce3d3b4f1b12,ACTIVA,1,No
9460ac87f5990588,ACTIVA,1,No
d5fafe287cac7dc0,SIN ACTUALIZAR,4,No
7e307f063358377a,SIN ACTUALIZAR,1,No
4d10b2f82e9e74cc,SIN ACTUALIZAR,1,No
fdef70125673de3c,SIN ACTUALIZAR,1,No
e9eb42635859a7f0,SIN ACTUALIZAR,1,No
c6d6b2bf6044e534,SIN ACTUALIZAR,0,No
3039fee25e808d3f,ACTIVA,2,No
0c4a4e8bb4d38f10,ACTIVA,1,No
5ff1a11109a6efd3,SIN ACTUALIZAR,2,No
3721385058b7e2ad,SIN ACTUALIZAR,1,No
0abe901d38f79879,SIN ACTUALIZAR,1,No
666fbca96b33ea8c,SIN ACTUALIZAR,1,No
1e591594003ace2f,SIN ACTUALIZAR,1,No
4a1b16ae35d4d189,ACTIVA,2,No
4cd2601d747d7c8b,SIN ACTUALIZAR,1,No
ddafe0dc90181d0c,SIN ACTUALIZAR,1,No
add6df0e67e05c87,SIN ACTUALIZAR,1,No
b854eb0851197107,SIN ACTUALIZAR,1,No
7ea33d715d7ef880,SIN ACTUALIZAR,2,No
77ca3049e89b991d,SIN ACTUALIZAR,2,No
5f471735e713849b,SIN ACTUALIZAR,1,No
1c17b607d29c175d,ACTIVA,1,No
d3f7b93181188db7,SIN ACTUALIZAR,1,No
191faff7207754a6,SIN ACTUALIZAR,1,No
2716f8d3dc8c2022,SIN ACTUALIZAR,1,No
7691d3bdc61e57b6,SIN ACTUALIZAR,1,No
c9505c17a252d3cf,SIN ACTUALIZAR,2,No
bc468a73be8fc3e4,SIN ACTUALIZAR,1,No
abe0ce25a75723f5,SIN ACTUALIZAR,1,No
eb98a00e85942ce4,ACTIVA,2,No
35c71bd7eaf46070,SIN ACTUALIZAR,0,No
da0176b4c76b2345,SIN ACTUALIZAR,0,No
d931fe4a33ad82c1,ACTIVA,0,No
8b9d2f4109debd6f,ACTIVA,0,No
14efe7909cbc806e,SIN ACTUALIZAR,0,No
2e77b490ebebc9dd,SIN ACTUALIZAR,0,No
8b37471d78e85ad8,ACTIVA,0,No
568b13a982d679c4,SIN ACTUALIZAR,0,No
43817c2619909949,SIN ACTUALIZAR,0,No
f12b1e7d28565788,ACTIVA,0,No
e2310acf6a8c78e5,SIN ACTUALIZAR,0,No
13dcb66d1830bc2c,SIN ACTUALIZAR,0,No
1d0ebea552eb43d0,ACTIVA,0,No
ac1270c5058af650,SIN ACTUALIZAR,0,No
38879b6376fbabdc,SIN ACTUALIZAR,0,No
d88c39de46401a31,SIN ACTUALIZAR,0,No
728edd27debc2046,SIN ACTUALIZAR,0,No
bda5459a0e2644a2,SIN ACTUALIZAR,0,No
de50a7572962ea01,SIN ACTUALIZAR,0,No
26c6954bc8571ca5,SIN ACTUALIZAR,0,No
878993918fc2c416,SIN ACTUALIZAR,0,No
131927c002782b5d,SIN ACTUALIZAR,0,No
d6da8b1e3b2432e1,SIN ACTUALIZAR,0,No
4ebbca3ca29aad23,SIN ACTUALIZAR,0,No
b28bb581f28c6301,SIN ACTUALIZAR,0,No
66fee1789fd31f86,SIN ACTUALIZAR,0,No
16cea6dfd98dc1f6,SIN ACTUALIZAR,0,No
1180705d05bb5bbe,SIN ACTUALIZAR,0,No
99b057c8e3461b97,SIN ACTUALIZAR,0,No
a79a343aec580495,SIN ACTUALIZAR,0,No
a77b3237cb73acfb,SIN ACTUALIZAR,0,No
258f31fc369c1710,SIN ACTUALIZAR,0,No
c7c63acc2b79f8ae,SIN ACTUALIZAR,0,No
955dfe160f51eb72,SIN ACTUALIZAR,0,No
89be545c95f75dbe,SIN ACTUALIZAR,0,No
934c47f36c16a58d,SIN ACTUALIZAR,0,No
2d5b95fe919779c4,SIN ACTUALIZAR,0,No
57971022aadc308f,ACTIVA,0,No
6114506a772204f7,SIN ACTUALIZAR,0,No
0354fa127deb6e3b,SIN ACTUALIZAR,0,No
fcee7e430b7b0618,SIN ACTUALIZAR,0,No
cb7593a6adb4b633,SIN ACTUALIZAR,0,No
d70ada757917455c,SIN ACTUALIZAR,0,No
808ba8c29edb1f89,SIN ACTUALIZAR,0,No
981f122ef83bbf77,SIN ACTUALIZAR,0,No
ecd0ea4e775800fe,SIN ACTUALIZAR,0,No
9a0251ab1bca1c47,SIN ACTUALIZAR,0,No
1e754257f5fc4a28,ACTIVA,0,No
43405dfb5c3fb7c2,SIN ACTUALIZAR,0,No
d054bfc75d1f0b1e,SIN ACTUALIZAR,0,No
a10b6b6aac040145,ACTIVA,0,No
21d79c60f58d912f,SIN ACTUALIZAR,0,No
da6a103cafcf90f7,ACTIVA,0,No
ea2db9f92dc6cc9f,SIN ACTUALIZAR,0,No
13324c96f0cb8550,SIN ACTUALIZAR,0,No
13c9370b295bef65,SIN ACTUALIZAR,0,No
637cb12f3fc001d6,SIN ACTUALIZAR,0,No
cc830be9dae15b28,SIN ACTUALIZAR,0,No
5c92d55ecbfdc0dc,SIN ACTUALIZAR,0,No
882555fb1b4a06b0,SIN ACTUALIZAR,0,No
8c2d775dfc75b428,SIN ACTUALIZAR,0,No
9f34c2714da80949,SIN ACTUALIZAR,0,No
884486e0e1e2bec9,SIN ACTUALIZAR,0,No
9ba37a22e4f57405,ACTIVA,0,No
ca0d9e7273c94d6e,SIN ACTUALIZAR,0,No
67e4b2c00ef9882f,SIN ACTUALIZAR,0,No
2c52230d64e3d2b6,SIN ACTUALIZAR,0,No
cd185509429cd1b1,SIN ACTUALIZAR,0,No
8433524328f7abaf,SIN ACTUALIZAR,0,No
69645d32e668bade,SIN ACTUALIZAR,0,No
6faeda436dddd39c,SIN ACTUALIZAR,0,No
d3c74a06e1b5f962,SIN ACTUALIZAR,0,No
419487a66d85c8f8,SIN ACTUALIZAR,0,No
2bc164b383ec4cdb,SIN ACTUALIZAR,0,No
7c7fead4c7112bf7,SIN ACTUALIZAR,0,No
ec9b8e7a0da6fa1d,SIN ACTUALIZAR,0,No
6786bcc91b97b9b0,SIN ACTUALIZAR,0,No
2e9b649aa61cf5fb,SIN ACTUALIZAR,0,No
15c98351e90e13ee,SIN ACTUALIZAR,0,No
1f76ff378fde84c8,SIN ACTUALIZAR,0,No
8c99fd9fc5ec1092,SIN ACTUALIZAR,0,No
74aa486106a183cd,SIN ACTUALIZAR,0,No
bd26cc4a8eba357c,SIN ACTUALIZAR,0,No
16251c20d0eff672,SIN ACTUALIZAR,0,Sí
9d47a3e8133d657c,SIN ACTUALIZAR,0,No
f21152d0b4f97b41,SIN ACTUALIZAR,0,No
5492da8979de59f2,SIN ACTUALIZAR,0,Sí
4e3c75d88bfee43f,SIN ACTUALIZAR,0,No
7e66cb9f3e58470e,SIN ACTUALIZAR,0,No
92e939f8447b602b,SIN ACTUALIZAR,0,No
41fd8bb687b8dc7c,SIN ACTUALIZAR,0,No
b1b9cbe9a6cf14eb,SIN ACTUALIZAR,0,No
cb3736ca94ccab54,SIN ACTUALIZAR,0,No
74361bf1b85b688e,SIN ACTUALIZAR,0,No
e2aabeaac667528d,SIN ACTUALIZAR,0,No
0bf366a6fdd64380,SIN ACTUALIZAR,0,No
c898b3c4675ed107,SIN ACTUALIZAR,0,No
6440e6a91202aedd,SIN ACTUALIZAR,0,No
bd2079738bf102a1,SIN ACTUALIZAR,0,No
5f1fe1c69d9c54b9,SIN ACTUALIZAR,0,No
4d4c1c36c59db173,SIN ACTUALIZAR,0,No
798a28345310cb87,SIN ACTUALIZAR,0,No
32502c3ae072641a,SIN ACTUALIZAR,0,No
f7f9097ce91960fe,SIN ACTUALIZAR,0,No
3d873a035196fcac,SIN ACTUALIZAR,0,No
c738b7bf89988cc0,SIN ACTUALIZAR,0,No
a685d286753f9010,SIN ACTUALIZAR,0,No
fd7aacebddf703f8,SIN ACTUALIZAR,0,No
c0f2535c2dfa2d03,SIN ACTUALIZAR,0,No
031299c8c3ea59d8,SIN ACTUALIZAR,0,No
ee79cb988b51dd93,SIN ACTUALIZAR,0,No
6d2d7450bcc1d3dd,SIN ACTUALIZAR,0,No
67458b5949442d9e,SIN ACTUALIZAR,0,No
1dc865d5dee04533,SIN ACTUALIZAR,0,No
9e15db34897b9d1e,SIN ACTUALIZAR,0,No
3646e8f854b0cfc7,SIN ACTUALIZAR,0,No
953d8233c2c05775,SIN ACTUALIZAR,0,No
560b29022e637e13,SIN ACTUALIZAR,0,No
7fdc02ec69158791,SIN ACTUALIZAR,0,No
18c5aebe805482cf,SIN ACTUALIZAR,0,No
fee49aa26d37f5e2,SIN ACTUALIZAR,0,No
c697e6a764c19509,SIN ACTUALIZAR,0,No
4310ae7e5053793f,ACTIVA,0,No
1765487b78f627ed,SIN ACTUALIZAR,0,No
b6d1489d546d7895,SIN ACTUALIZAR,0,No
cd6a2e3d71899ea0,SIN ACTUALIZAR,0,No
0da4b104c4d8589f,SIN ACTUALIZAR,0,No
6ce0ba238fbdb579,SIN ACTUALIZAR,0,No
df72b3530e92ae15,SIN ACTUALIZAR,0,No
5542f9c152f58f47,SIN ACTUALIZAR,0,No
56fe4b09b0b1481a,SIN ACTUALIZAR,0,No
294cd5558aede0e5,SIN ACTUALIZAR,0,No
12775b032eace177,SIN ACTUALIZAR,0,No
5f8d869fb478ab99,SIN ACTUALIZAR,0,No
4694daec5f4db4c0,ACTIVA,0,Sí
f894fe552dfde957,SIN ACTUALIZAR,0,No
4376e3ffe214fbe7,SIN ACTUALIZAR,0,No
f06736b003100572,SIN ACTUALIZAR,0,No
821196656a86a779,SIN ACTUALIZAR,0,No
e7bb14f4c55efcc9,SIN ACTUALIZAR,0,No
6938379a3f0929aa,SIN ACTUALIZAR,0,No
9bc7684b0d1c9ca8,SIN ACTUALIZAR,0,No
360c01e9b39f8bac,ACTIVA,0,No
405643505f4fefa4,SIN ACTUALIZAR,0,No
aa3bffa410b5c956,SIN ACTUALIZAR,0,No
2273fa6884e16050,SIN ACTUALIZAR,0,No
d9be692ccf8f3781,SIN ACTUALIZAR,0,No
6527563ce3bf397e,SIN ACTUALIZAR,0,No
6be598179d8e68ef,SIN ACTUALIZAR,0,No
cdec49fc280175bd,SIN ACTUALIZAR,0,No
bdcc8b4d625fad8d,SIN ACTUALIZAR,0,No
b4ece415deff514e,SIN ACTUALIZAR,0,No
9ab87114bfaf7f41,ACTIVA,0,No
51d78474a7884388,ACTIVA,0,No
5f2aac42fd23c3a3,SIN ACTUALIZAR,0,No
8c6da60e7413b003,SIN ACTUALIZAR,0,No
dc50a94325365105,SIN ACTUALIZAR,0,No
ea8114c29294bf6a,SIN ACTUALIZAR,0,No
2bb0406e8c10376d,SIN ACTUALIZAR,0,No
8a07001667ede824,ACTIVA,0,No
9efe6bb0b8606eb7,SIN ACTUALIZAR,0,No
3f6f25576155bb42,SIN ACTUALIZAR,0,No
e9c80a40f4a06237,SIN ACTUALIZAR,0,No
755ed0b3af740cd2,SIN ACTUALIZAR,0,No
a54c24856447febd,SIN ACTUALIZAR,0,No
cc222d104dd50a3f,SIN ACTUALIZAR,0,No
41aaa0c32d18e1c1,SIN ACTUALIZAR,0,No
97e7742a98e23377,SIN ACTUALIZAR,0,No
901eb9ea2901da02,SIN ACTUALIZAR,0,No
d847f0598621450f,SIN ACTUALIZAR,0,No
32ae70923fa92abb,SIN ACTUALIZAR,0,No
53754730f1c9ebcf,SIN ACTUALIZAR,0,No
f2b03e9952ad59e6,ACTIVA,0,No
4fc87f5f9c213a97,SIN ACTUALIZAR,0,No
d7bf868887161884,SIN ACTUALIZAR,0,No
de6ea636a980f5cd,SIN ACTUALIZAR,0,No
8f4abf226954ee17,SIN ACTUALIZAR,0,No
821f9161588f3e3d,SIN ACTUALIZAR,0,No
e4e39895e84b9a1c,SIN ACTUALIZAR,0,No
666f3094ce81bff7,SIN ACTUALIZAR,0,No
179ba901289d9b80,SIN ACTUALIZAR,0,No
3523d49f10f1f667,SIN ACTUALIZAR,0,No
b1c7f753016816ba,SIN ACTUALIZAR,0,No
8e3309ee6bb115d6,SIN ACTUALIZAR,0,No
462771fc8e506cc5,SIN ACTUALIZAR,0,No
fdc8e91b0da32211,SIN ACTUALIZAR,0,No
2bc0d0e792b8b2f5,SIN ACTUALIZAR,0,No
df53ef5a4128c36a,SIN ACTUALIZAR,0,No
c70f93672e75ba09,SIN ACTUALIZAR,0,No
62887f80db20da98,SIN ACTUALIZAR,0,No
2fec76ff3d191811,SIN ACTUALIZAR,0,No
9c67113a0ed4961d,SIN ACTUALIZAR,0,No
9ec0ec041bf15aae,SIN ACTUALIZAR,0,No
ba58962548a4615a,SIN ACTUALIZAR,0,No
0bac83d121af467d,SIN ACTUALIZAR,0,No
4d68971408a297ac,SIN ACTUALIZAR,0,No
f986a473de473adb,SIN ACTUALIZAR,0,No
ec02f0a40bbe7f3c,ACTIVA,0,No
492a70c75873387b,SIN ACTUALIZAR,0,No
5b6cefbd82c485f8,ACTIVA,0,No
4269fdab0a9ae3cd,SIN ACTUALIZAR,0,No
42f515a7c89434bc,SIN ACTUALIZAR,0,No
454045873b331766,ACTIVA,0,No
18e2cd724415059f,ACTIVA,0,No
66e3d2ac55fec606,SIN ACTUALIZAR,0,No
353e35a0ea960d46,SIN ACTUALIZAR,0,No
07319501616d56d6,SIN ACTUALIZAR,0,No
27eae8c9f8c59e3f,SIN ACTUALIZAR,0,No
f6c6cdf729b18785,SIN ACTUALIZAR,0,No
b7d585abfb0a2790,ACTIVA,0,No
6562acabdda79006,SIN ACTUALIZAR,0,No
08ae804484bb82a1,SIN ACTUALIZAR,0,No
b770d31bafdb58ae,SIN ACTUALIZAR,0,No
ab95eacfa9247b92,SIN ACTUALIZAR,0,No
efaa00d50bdd75db,SIN ACTUALIZAR,0,No
367db0be8e658e95,SIN ACTUALIZAR,0,No
a4851e4b87769c0a,SIN ACTUALIZAR,0,No
08bc14aa3d420b0d,SIN ACTUALIZAR,0,No
0a9b7cbcd461d1a8,SIN ACTUALIZAR,0,No
221dea80c4dedde9,SIN ACTUALIZAR,0,No
c4cbd7c861e6f1eb,SIN ACTUALIZAR,0,No
08fceb7eae8b0b70,SIN ACTUALIZAR,0,No
f3e0a5976e99b4c7,SIN ACTUALIZAR,0,No
a186f2536334b93b,SIN ACTUALIZAR,0,No
d34b606b0eee7396,SIN ACTUALIZAR,0,No
d8951310793eb3e9,SIN ACTUALIZAR,0,No
c56aa9fa27548aa1,SIN ACTUALIZAR,0,No
c96f664d5d94f877,SIN ACTUALIZAR,0,No
62ce9c1cdb9e3600,SIN ACTUALIZAR,0,No
dac83bb166491b23,SIN ACTUALIZAR,0,No
1b656b5ff85434f8,SIN ACTUALIZAR,0,No
879d43d2f0dbd425,SIN ACTUALIZAR,0,No
cf88820803c3c342,SIN ACTUALIZAR,0,No
28d3ce984b126514,SIN ACTUALIZAR,0,No
05aedabc78470836,SIN ACTUALIZAR,0,No
129b6b09c0b3b82e,SIN ACTUALIZAR,0,No
9f6f684b2451cc47,SIN ACTUALIZAR,0,No
e3fe618151cf6d9d,SIN ACTUALIZAR,0,No
fa65fe392c91e684,SIN ACTUALIZAR,0,No
8cf0d4301190a4bd,SIN ACTUALIZAR,0,No
fe9036dfac219563,SIN ACTUALIZAR,0,No
d905112a12a6191d,SIN ACTUALIZAR,0,No
110fa56df8facc78,SIN ACTUALIZAR,0,No
5be6e62e52efb78d,SIN ACTUALIZAR,0,No
f765e6cd73e3b2d6,SIN ACTUALIZAR,0,No
d9b76e73f74e659b,SIN ACTUALIZAR,0,No
2c91e42c2d93d08a,SIN ACTUALIZAR,0,No
3ba0674698059392,SIN ACTUALIZAR,0,No
db068c71019cf3af,SIN ACTUALIZAR,0,No
cb633ac0a288ee6a,SIN ACTUALIZAR,0,No
2244c25f966e3897,SIN ACTUALIZAR,0,No
9e6cf5065e007b66,SIN ACTUALIZAR,0,No
970ea8191c9c8d14,SIN ACTUALIZAR,0,No
afa084e37c9a0d0c,SIN ACTUALIZAR,0,No
18331ebc79671d43,SIN ACTUALIZAR,0,No
3ef839149657d12a,SIN ACTUALIZAR,0,No
dd906b72bb41b297,SIN ACTUALIZAR,0,No
93c685af6802e94c,SIN ACTUALIZAR,0,No
1b5c3adff66e9195,SIN ACTUALIZAR,0,No
20825d7b541755bf,ACTIVA,0,No
665c5a87cc8c6767,SIN ACTUALIZAR,0,No
b513f013566e2bd6,SIN ACTUALIZAR,0,No
4eae2d460f24a331,SIN ACTUALIZAR,0,No
e49e2453f300fa11,SIN ACTUALIZAR,0,No
12712951aa8c8bc2,SIN ACTUALIZAR,0,No
c55d1110f4ca2099,SIN ACTUALIZAR,0,No
cd892ad205d39ab5,SIN ACTUALIZAR,0,No
e5e3eb7ac44055c2,SIN ACTUALIZAR,0,No
3f114996ac384f8c,SIN ACTUALIZAR,0,No
66e9c3f858f17c41,SIN ACTUALIZAR,0,No
3657e084d66c9a0b,SIN ACTUALIZAR,0,No
d6a493627cf80d0d,SIN ACTUALIZAR,0,No
8a06ebfaa9b79112,SIN ACTUALIZAR,0,No
dd4a53ffcf3d7389,SIN ACTUALIZAR,0,No
7f9477b456e68c92,SIN ACTUALIZAR,0,No
d266f5d63e618622,SIN ACTUALIZAR,0,No
c58c7cd0909bc5a8,SIN ACTUALIZAR,0,No
4ef4f04a59429e5d,SIN ACTUALIZAR,0,No
6162194c6d98c8d8,SIN ACTUALIZAR,0,No
5a8793f950946952,SIN ACTUALIZAR,0,No
5e25119e91122f54,SIN ACTUALIZAR,0,No
598800d77add6ca5,SIN ACTUALIZAR,0,No
d4a0dfc566eeb7e4,SIN ACTUALIZAR,0,No
e68482a025daca88,ACTIVA,0,No
edc73ae05296d9fe,SIN ACTUALIZAR,0,No
ee2d28115588cf5c,SIN ACTUALIZAR,0,No
6771cc5954ed26c8,SIN ACTUALIZAR,0,No
7ab34aef55090a3a,SIN ACTUALIZAR,0,No
178270c8986afcf1,SIN ACTUALIZAR,0,No
fdcc7dc692360a74,SIN ACTUALIZAR,0,No
cc9cc99ae1e153cc,SIN ACTUALIZAR,0,No
858656c7fd65a29e,SIN ACTUALIZAR,0,No
bd32631411c59019,SIN ACTUALIZAR,0,No
718a54c47f059f74,SIN ACTUALIZAR,0,No
289627937fddd871,SIN ACTUALIZAR,0,No
42254207576dd1cf,SIN ACTUALIZAR,0,No
f54f0df5fa6970cd,SIN ACTUALIZAR,0,No
08d24d2a64e30d32,SIN ACTUALIZAR,0,No
6a12e2114a4de821,SIN ACTUALIZAR,0,No
7ef4a0408b07a66e,SIN ACTUALIZAR,0,No
23c8e3a71e032ab8,SIN ACTUALIZAR,0,No
a4932a8303f0c13b,SIN ACTUALIZAR,0,No
9c563b54c4cf3abb,SIN ACTUALIZAR,0,No
fdd2d9e412262ef6,SIN ACTUALIZAR,0,No
593db514530578cd,SIN ACTUALIZAR,0,No
088ba1fb63cf90fc,SIN ACTUALIZAR,0,No
22a48e36a823ac17,SIN ACTUALIZAR,0,No
3c79b481cfb8016f,SIN ACTUALIZAR,0,No
d2ec4dad128f3318,SIN ACTUALIZAR,0,No
514d3f0b0b27c4eb,ACTIVA,0,No
cd935b7a3ed47fa9,SIN ACTUALIZAR,0,No
5344ac1bbf825b5e,SIN ACTUALIZAR,0,No
7e12ef6a654627cd,SIN ACTUALIZAR,0,No
9bd1d97fda570b9e,SIN ACTUALIZAR,0,No
3539e8afcacc5756,SIN ACTUALIZAR,0,No
d4e45346a71c4e4b,SIN ACTUALIZAR,0,No
63e450258ed555a3,ACTIVA,0,No
8f9482d77bfb4622,SIN ACTUALIZAR,0,No
3f9eedfee4832f7d,SIN ACTUALIZAR,0,No
4f4b0cd0428505a9,SIN ACTUALIZAR,0,No
2465f1df94cdabdd,SIN ACTUALIZAR,0,No
5453c3aaf60160a2,SIN ACTUALIZAR,0,No
ac21791a5807ae2b,SIN ACTUALIZAR,0,No
0bcb98620ad9057f,SIN ACTUALIZAR,0,No
26da6cfbe7dee190,SIN ACTUALIZAR,0,No
f18eed4de9443547,SIN ACTUALIZAR,0,No
75d5fcf005ce8ebc,ACTIVA,0,No
c3b000875e19cdb8,SIN ACTUALIZAR,0,No
94b61028667f7307,SIN ACTUALIZAR,0,No
d3cb38860bb2775f,SIN ACTUALIZAR,0,No
0a3ddcd71cf30a56,SIN ACTUALIZAR,0,No
d4fcdfa73358abbf,ACTIVA,0,No
29551683ba9b772a,SIN ACTUALIZAR,0,No
823e1f7988ef795a,SIN ACTUALIZAR,0,No
64b9663ba7d579de,SIN ACTUALIZAR,0,No
6ff1082f01b2ffb7,SIN ACTUALIZAR,0,No
61f35d18e91a0c77,SIN ACTUALIZAR,0,No
1e117b396c77c6bc,SIN ACTUALIZAR,0,No
f2272ce82becf650,ACTIVA,0,No
a7ced52aa9d19613,ACTIVA,0,No
2091f2fa56f5ced0,SIN ACTUALIZAR,0,No
769efc2beabd04e9,SIN ACTUALIZAR,0,No
ba7552f4c7a81df9,SIN ACTUALIZAR,0,No
66c751f6bb19bfe8,SIN ACTUALIZAR,0,No
2005172a469543a6,SIN ACTUALIZAR,0,No
cff8b4510844ac4c,ACTIVA,0,No
4bf800ac362b7666,SIN ACTUALIZAR,0,No
678ae702bb5e1c23,SIN ACTUALIZAR,0,No
83c00fb91104a5fe,SIN ACTUALIZAR,0,No
d9ce83cce6913413,SIN ACTUALIZAR,0,No
b49da657956793ea,SIN ACTUALIZAR,0,No
50c9cbde7b204ef8,SIN ACTUALIZAR,0,No
8ca8b188568d5d43,SIN ACTUALIZAR,0,No
fc9fa8fe3c4b76b3,SIN ACTUALIZAR,0,Sí
721d978b34443622,SIN ACTUALIZAR,0,No
24610dffaffcc807,ACTIVA,0,No
4d9a0346766d2c93,ACTIVA,0,No
739a6e720875495b,SIN ACTUALIZAR,0,No
72ec0c24e666a9ee,ACTIVA,0,No
4d852fc6efc3c699,SIN ACTUALIZAR,0,No
6d199e0e98321ffa,SIN ACTUALIZAR,0,No
ee6e264790ee5f53,SIN ACTUALIZAR,0,No
77ea20057dc948bb,SIN ACTUALIZAR,0,No
76c3d2b60a53ade4,SIN ACTUALIZAR,0,No
e03c964c8ee74557,ACTIVA,0,No
1cc20d3f2c46bc27,SIN ACTUALIZAR,0,No
90f0106ea953834b,SIN ACTUALIZAR,0,No
cffb6b39358c0afd,SIN ACTUALIZAR,0,No
d36a3104ec97dde5,SIN ACTUALIZAR,0,No
9ba1312f88ab4f0a,SIN ACTUALIZAR,0,No
154ffa5b61cda57b,SIN ACTUALIZAR,0,No
1984ee33d739fce1,SIN ACTUALIZAR,0,No
d28110a5754f1560,SIN ACTUALIZAR,0,No
45e7dc1278e5229f,SIN ACTUALIZAR,0,No
35b59f1894080907,SIN ACTUALIZAR,0,No
b6362f6e9cf74983,SIN ACTUALIZAR,0,No
fa22b8efe8ae60d3,ACTIVA,0,No
e2b39487a142f01d,SIN ACTUALIZAR,0,No
05d7db519add2bad,SIN ACTUALIZAR,0,No
9ad103f7c2c62124,SIN ACTUALIZAR,0,No
9c3894f6764bc3cf,SIN ACTUALIZAR,0,No
a75b72e070dc99a5,SIN ACTUALIZAR,0,No
926cc8165d099f79,SIN ACTUALIZAR,0,No
abe626ee86d32515,SIN ACTUALIZAR,0,No
cdbfcca6157f9b62,SIN ACTUALIZAR,0,No
1fe326350ef119cf,SIN ACTUALIZAR,0,No
95db85f998543c19,SIN ACTUALIZAR,0,No
69c650b84b554989,SIN ACTUALIZAR,0,No
1237c5c0fa7f0d92,SIN ACTUALIZAR,0,No
715d9526f896b1d6,SIN ACTUALIZAR,0,No
811b2bcff32fd122,SIN ACTUALIZAR,0,No
c47c817c54c11082,SIN ACTUALIZAR,0,No
2905a916b5eeb090,SIN ACTUALIZAR,0,No
2df0e8de354ec88c,SIN ACTUALIZAR,0,No
b8397e7c93136aeb,SIN ACTUALIZAR,0,No
13075314e1a211e2,SIN ACTUALIZAR,0,No
1fec0ea0805c8222,SIN ACTUALIZAR,0,No
5896935fd3cb0b31,SIN ACTUALIZAR,0,No
baf23cd104498815,SIN ACTUALIZAR,0,No
985a6c71882580e2,SIN ACTUALIZAR,0,No
48655209b94398a3,SIN ACTUALIZAR,0,No
d130a946839b4be4,SIN ACTUALIZAR,0,No
ec03ee0bf4c423c3,SIN ACTUALIZAR,0,No
3d70fd14f3cc3015,SIN ACTUALIZAR,0,No
632d9ec7cad4335d,SIN ACTUALIZAR,0,No
a523e1917578960a,SIN ACTUALIZAR,0,No
ecbd0a80229cafcb,SIN ACTUALIZAR,0,No
9fcf466b744af289,SIN ACTUALIZAR,0,No
cdd39077f0905835,SIN ACTUALIZAR,0,No
b344cb621c5c3244,SIN ACTUALIZAR,0,No
523c0f5fa728a1c1,SIN ACTUALIZAR,0,No
46c935ec041f6a6e,SIN ACTUALIZAR,0,No
52e11afdbd66a221,SIN ACTUALIZAR,0,No
e0b48ed8ddd55389,SIN ACTUALIZAR,0,No
0a27baa409d98a73,SIN ACTUALIZAR,0,No
d7209b9048e4cc4e,SIN ACTUALIZAR,0,No
c4b89dc695cf8853,SIN ACTUALIZAR,0,No
d8d79e7f3e79fe33,SIN ACTUALIZAR,0,No
abcb3b74c1c381f1,SIN ACTUALIZAR,0,No
7394c93a0c9ddde9,SIN ACTUALIZAR,0,No
7699f99fa80c0522,SIN ACTUALIZAR,0,No
a2f522d37effe45f,ACTIVA,0,No
24aacb1ce6b252d2,SIN ACTUALIZAR,0,No
9d80a28849f5775d,SIN ACTUALIZAR,0,No
08fbc24faea8e414,SIN ACTUALIZAR,0,No
67c23b847c57a437,SIN ACTUALIZAR,0,No
ad31b0caefa44f83,SIN ACTUALIZAR,0,No
75b7e93345040b10,SIN ACTUALIZAR,0,No
a27fe0bfff170224,SIN ACTUALIZAR,0,No
5faf9ff67c771ae2,SIN ACTUALIZAR,0,No
5c37f47e32a77a3f,SIN ACTUALIZAR,0,No
74f0f8d0c9883078,SIN ACTUALIZAR,0,No
895185726a33b541,SIN ACTUALIZAR,0,No
6251ae39f21cf2ac,SIN ACTUALIZAR,0,No
a6c25a3d115a2274,SIN ACTUALIZAR,0,No
b4ef5f65f155a341,SIN ACTUALIZAR,0,No
03d20de87804ff2e,SIN ACTUALIZAR,0,No
b73a3d6f109428b3,SIN ACTUALIZAR,0,No
f8ace8696f29b730,SIN ACTUALIZAR,0,No
2553882bfec02891,SIN ACTUALIZAR,0,No
748f3cfa437a2dc2,SIN ACTUALIZAR,0,No
9199cd4951eb5189,SIN ACTUALIZAR,0,No
18dd65bac0a725f6,SIN ACTUALIZAR,0,No
5763aafce45eb22c,SIN ACTUALIZAR,0,No
3dcd3239e2ba5498,SIN ACTUALIZAR,0,No
fece7769fb300880,SIN ACTUALIZAR,0,No
ee780c6e7a7cd298,SIN ACTUALIZAR,0,No
7d75f3378a37b57a,SIN ACTUALIZAR,0,No
8ae2e8ba0194fc52,ACTIVA,0,No
efd2a1cd465229ce,SIN ACTUALIZAR,0,No
e3206e1ffc357feb,SIN ACTUALIZAR,0,No
e3d00c0bcfea6e4a,SIN ACTUALIZAR,0,No
eac67484e404e4fe,ACTIVA,0,No
0c3ec8fd15bb10a5,SIN ACTUALIZAR,0,No
6f76f25988ea4f8c,SIN ACTUALIZAR,0,No
9ef0176b250373fd,SIN ACTUALIZAR,0,No
4d939cf34a293616,SIN ACTUALIZAR,0,No
7170430d6c8e8a3f,SIN ACTUALIZAR,0,No
094ddb88d39f86c9,SIN ACTUALIZAR,0,No
f206e82793f2c02f,SIN ACTUALIZAR,0,No
8a7307473a7843dc,SIN ACTUALIZAR,0,No
016f6a283da4a0d0,SIN ACTUALIZAR,0,No
bef43eed024c7845,SIN ACTUALIZAR,0,No
f8f7829ee6f860c7,SIN ACTUALIZAR,0,No
48a09e64db985731,SIN ACTUALIZAR,0,No
8d601fad07956dfe,SIN ACTUALIZAR,0,No
0d7bcfe4cec22e05,ACTIVA,0,No
413a58a9815a8c2e,SIN ACTUALIZAR,0,No
dd0730264fc237a2,SIN ACTUALIZAR,0,No
71ed733383a6a95e,ACTIVA,0,No
54e8ae4b54fbe10c,SIN ACTUALIZAR,0,No
a444aa6529eccf87,SIN ACTUALIZAR,0,No
4a971434dbac1ad5,SIN ACTUALIZAR,0,No
a30f81a90be76c4a,SIN ACTUALIZAR,0,No
55a4333563cc125b,SIN ACTUALIZAR,0,No
9faf79313f370929,SIN ACTUALIZAR,0,No
6181578e353e0c30,SIN ACTUALIZAR,0,No
64b3db28d65e15b0,SIN ACTUALIZAR,0,No
1b59d9183edabff2,SIN ACTUALIZAR,0,No
bb71bc541e313bf7,ACTIVA,0,No
84dd7b1a7cfbaf94,SIN ACTUALIZAR,0,No
ae02244895eac8ff,ACTIVA,0,No
dcce120f2f3eda56,SIN ACTUALIZAR,0,No
2ac295f27759aa03,SIN ACTUALIZAR,0,No
bc3343f96962cb6d,SIN ACTUALIZAR,0,No
7670cfb6fff19e9c,ACTIVA,0,No
30589d3965b3e8f5,SIN ACTUALIZAR,0,No
b00b159bfc1334c1,SIN ACTUALIZAR,0,No
067b88b5ae351c6e,SIN ACTUALIZAR,0,No
c11e40334afd7d8e,SIN ACTUALIZAR,0,No
0e00ae73f1026fc8,SIN ACTUALIZAR,0,No
15bb1c3c785bddb5,SIN ACTUALIZAR,0,No
aba1a8a786577ad6,SIN ACTUALIZAR,0,No
26c1b8d4895d6b9a,SIN ACTUALIZAR,0,No
6d95cf7c8482d69d,SIN ACTUALIZAR,0,No
ea840312edaf4c00,SIN ACTUALIZAR,0,No
8e730619a55af813,SIN ACTUALIZAR,0,No
dc125ee72cb06f19,SIN ACTUALIZAR,0,No
e7d9bb4e1b0823d8,SIN ACTUALIZAR,0,No
44bebbe335dbdc04,SIN ACTUALIZAR,0,No
5fcb37290da84c5e,SIN ACTUALIZAR,0,No
7dabe6fdbaf5a372,ACTIVA,0,No
aa07b6c8a3ff2ead,SIN ACTUALIZAR,0,No
dbd3feba311f25bd,SIN ACTUALIZAR,0,No
38265ce1296e5bc7,SIN ACTUALIZAR,0,No
1740f86922944273,SIN ACTUALIZAR,0,No
d4bada3cbaa7c51f,SIN ACTUALIZAR,0,No
f35b0e530f64e168,SIN ACTUALIZAR,0,No
a931856f758f2d0e,SIN ACTUALIZAR,0,No
f8f78a0a38eee3fb,SIN ACTUALIZAR,0,No
21d6bebfc10ce45f,SIN ACTUALIZAR,0,No
d5e414a6e9550bcf,SIN ACTUALIZAR,0,No
95713bd166ab5b33,SIN ACTUALIZAR,0,No
c417d6bd0e002800,SIN ACTUALIZAR,0,No
40caad7c6f03399d,SIN ACTUALIZAR,0,No
e82bc936f3744342,SIN ACTUALIZAR,0,No
2419fa97fef005c2,SIN ACTUALIZAR,0,No
c4a83354c84b5263,SIN ACTUALIZAR,0,No
efd5454ea7d4ed3e,SIN ACTUALIZAR,0,No
1bd5379af9b4e59e,SIN ACTUALIZAR,0,No
6ae7c56d7128a5a9,SIN ACTUALIZAR,0,No
41a7e78f77f872c8,SIN ACTUALIZAR,0,No
8ea8690abce0fa22,ACTIVA,0,No
fc6aae7d40ab1e33,SIN ACTUALIZAR,0,No
b82d7c3bcca7cd76,SIN ACTUALIZAR,0,No
5c0b64218f30dcfe,SIN ACTUALIZAR,0,No
de22b41528809ecc,SIN ACTUALIZAR,0,No
f973f763f1819938,SIN ACTUALIZAR,0,No
577dc16068ea27cb,SIN ACTUALIZAR,0,No
9b07749558fc14f2,SIN ACTUALIZAR,0,No
cb55bb2090aaa257,SIN ACTUALIZAR,0,No
98e7f6e075c27bc7,SIN ACTUALIZAR,0,No
23da7cbdb3fa4585,SIN ACTUALIZAR,0,No
54413f66631b15f7,SIN ACTUALIZAR,0,No
1f936bbeccfb0749,SIN ACTUALIZAR,0,No
ed299bb825b12607,SIN ACTUALIZAR,0,No
813c8ef9f0fbbbb2,SIN ACTUALIZAR,0,No
2d13759c55de32a0,SIN ACTUALIZAR,0,No
f5e6dce5fab16e2e,SIN ACTUALIZAR,0,No
1fcabbbe1175761c,SIN ACTUALIZAR,0,No
edb3d63a27ebe39b,SIN ACTUALIZAR,0,No
864dfaa68bc84873,SIN ACTUALIZAR,0,No
f58e3eebdc4db867,SIN ACTUALIZAR,0,No
4ef8df260f442d69,SIN ACTUALIZAR,0,No
fe13a3972917e317,SIN ACTUALIZAR,0,No
071d4e96e3ed6bbd,ACTIVA,0,No
93f08033d398d8e7,SIN ACTUALIZAR,0,No
c269217dd760253b,SIN ACTUALIZAR,0,No
d3a1669131f97524,SIN ACTUALIZAR,0,No
a053c1eb7e37dfd3,SIN ACTUALIZAR,0,No
91b23438be589770,SIN ACTUALIZAR,0,No
272862b3811aa126,ACTIVA,0,No
282a0b4f8b155751,SIN ACTUALIZAR,0,No
e6cc447bcffa0c79,SIN ACTUALIZAR,0,No
7c6cc3be068020b8,SIN ACTUALIZAR,0,No
3c8ac47a21b1938e,ACTIVA,0,No
2bc738e5985d98fe,ACTIVA,0,No
8b6b8dae238ca20b,SIN ACTUALIZAR,0,No
85c53827f6ac19a7,SIN ACTUALIZAR,0,No
89b998636f98304a,ACTIVA,0,No
200d48740ee3e044,SIN ACTUALIZAR,0,No
8c47875987c7407e,SIN ACTUALIZAR,0,No
5d9f9703addb3ca9,SIN ACTUALIZAR,0,No
0138284894b94055,SIN ACTUALIZAR,0,No
08f1c19ec3fae649,SIN ACTUALIZAR,0,No
18555c2d2c9e8c63,ACTIVA,0,No
08305e295af1fa06,SIN ACTUALIZAR,0,No
8f80b1cfa8e54372,SIN ACTUALIZAR,0,No
aa174c2dab4234b1,SIN ACTUALIZAR,0,No
db2e162c7c1734ed,SIN ACTUALIZAR,0,No
d08c3206ca6d2ae4,SIN ACTUALIZAR,0,No
b8508cb2b6a51667,SIN ACTUALIZAR,0,No
0d74e606ea4b4485,SIN ACTUALIZAR,0,No
3055bde28c9cd2b5,SIN ACTUALIZAR,0,No
9f4b57f836c2c53e,SIN ACTUALIZAR,0,No
6d7f68c6bb26c834,SIN ACTUALIZAR,0,No
1403518ce5c6beb4,SIN ACTUALIZAR,0,No
d9cd2423fe12e739,SIN ACTUALIZAR,0,No
a6e94e451349ebc0,SIN ACTUALIZAR,0,No
3eb9a715427fa578,SIN ACTUALIZAR,0,No
c340795ecfb6a9a8,SIN ACTUALIZAR,0,No
e441e53b58eb1add,SIN ACTUALIZAR,0,No
444bcf7393e844ee,SIN ACTUALIZAR,0,No
36c693021b799f73,SIN ACTUALIZAR,0,No
1d774b1d72345d12,SIN ACTUALIZAR,0,No
fa89eb5430dab459,SIN ACTUALIZAR,0,No
bd50900d45b5646f,SIN ACTUALIZAR,0,No
6a6012dcfa07dc87,SIN ACTUALIZAR,0,No
34e1e5f64032ac81,SIN ACTUALIZAR,0,No
6aa9eaa7d49ffc0a,SIN ACTUALIZAR,0,No
e1d3807f08ce0862,SIN ACTUALIZAR,0,No
5881d14bc20361fb,SIN ACTUALIZAR,0,No
2081e154aa8b5932,SIN ACTUALIZAR,0,No
9de61f2da3bd18f2,SIN ACTUALIZAR,0,No
bb1e8de05f8c4a86,SIN ACTUALIZAR,0,No
6a91be625bbb0494,SIN ACTUALIZAR,0,No
70d88acd016b4bb5,SIN ACTUALIZAR,0,No
48a2ae653b0ff39c,SIN ACTUALIZAR,0,No
be1a902fc6d45651,SIN ACTUALIZAR,0,No
d44f0a3abb51a586,SIN ACTUALIZAR,0,No
01d0e62a6d46dce3,SIN ACTUALIZAR,0,No
519bb54e5f57b268,SIN ACTUALIZAR,0,No
dc1966e51ffe0124,SIN ACTUALIZAR,0,No
78ead8798c27b39e,SIN ACTUALIZAR,0,No
c27afdbee4c50daa,SIN ACTUALIZAR,0,No
1354ada195466e8c,SIN ACTUALIZAR,0,No
8b18f5693d6822be,SIN ACTUALIZAR,0,No
e1d897bd6bb233bb,SIN ACTUALIZAR,0,No
2ab0e1123d397a58,SIN ACTUALIZAR,0,No
1e7996c7b0181429,SIN ACTUALIZAR,0,No
bf5a2eff5c3be6ee,SIN ACTUALIZAR,0,No
e133325b228ed549,SIN ACTUALIZAR,0,No
116a163c9903b55d,SIN ACTUALIZAR,0,No
59c65fd7f7a3cd6d,SIN ACTUALIZAR,0,No
a480947084760e5f,SIN ACTUALIZAR,0,No
2f9791afee7195a4,SIN ACTUALIZAR,0,No
8630de5bd303be8b,SIN ACTUALIZAR,0,No
5c4473caacfb953c,SIN ACTUALIZAR,0,No
48ecc4ad84a9fd26,SIN ACTUALIZAR,0,No
9f9e98ca9eca96eb,SIN ACTUALIZAR,0,No
0d2ec3efe1eb2180,SIN ACTUALIZAR,0,No
276d8996894c0276,SIN ACTUALIZAR,0,No
b83e19f203a3124b,SIN ACTUALIZAR,0,No
bbe9c5e33ded002c,SIN ACTUALIZAR,0,No
23e416c6f9deb987,SIN ACTUALIZAR,0,No
21f8accec212f096,SIN ACTUALIZAR,0,No
1ef4c6810869cf1b,SIN ACTUALIZAR,0,No
9de214703fa773e7,SIN ACTUALIZAR,0,No
93e31df2f72724b3,SIN ACTUALIZAR,0,No
0579db6d19e3cb02,SIN ACTUALIZAR,0,No
2bdc1c4cdc5a1c82,SIN ACTUALIZAR,0,No
043fe65a5603fae3,SIN ACTUALIZAR,0,No
ed3433f6834a1621,SIN ACTUALIZAR,0,No
2bd924c625258c3d,SIN ACTUALIZAR,0,No
f7d8df35bc17c0a1,SIN ACTUALIZAR,0,No
e4fa7bfa60181e77,SIN ACTUALIZAR,0,No
8c4e4469a4377250,SIN ACTUALIZAR,0,No
038e94382201a2f4,SIN ACTUALIZAR,0,No
9819017de361f031,SIN ACTUALIZAR,0,No
8e85c856822d8538,SIN ACTUALIZAR,0,No
e1e89977dfd33fff,SIN ACTUALIZAR,0,No
0848d849ab67d28f,SIN ACTUALIZAR,0,No
81607bd1f9446142,SIN ACTUALIZAR,0,No
9ecd8d14b33e6d7b,SIN ACTUALIZAR,0,No
5017937d633e00f5,SIN ACTUALIZAR,0,No
7d3095102f5a57ff,SIN ACTUALIZAR,0,No
86d8116834ced9f4,SIN ACTUALIZAR,0,No
b93bfbb97112ae04,SIN ACTUALIZAR,0,No
ae2d49509c29defa,SIN ACTUALIZAR,0,No
f90a856f26ac85aa,SIN ACTUALIZAR,0,No
e62fc7f4f92cd9a6,SIN ACTUALIZAR,0,No
f1c628caab4033af,SIN ACTUALIZAR,0,No
c38594bec27d288c,SIN ACTUALIZAR,0,No
e34fe8c07fa27ad3,ACTIVA,0,No
40830936015bf0ac,SIN ACTUALIZAR,0,No
81605571a49521fa,SIN ACTUALIZAR,0,No
2be2ee11b942d3c4,SIN ACTUALIZAR,0,No
a74c89f3d07ef7f6,SIN ACTUALIZAR,0,No
4f77bf892f4f08b7,SIN ACTUALIZAR,0,No
fd82d577b223e9e7,SIN ACTUALIZAR,0,No
037277de363e5a92,SIN ACTUALIZAR,0,No
a74a8777a0c9e803,SIN ACTUALIZAR,0,No
889a9dc131220e3f,SIN ACTUALIZAR,0,No
da2ec3832772955a,SIN ACTUALIZAR,0,No
720783670fad0e1e,SIN ACTUALIZAR,0,No
b0009e7a813a19ea,SIN ACTUALIZAR,0,No
7650670209f59358,SIN ACTUALIZAR,0,No
3e5bc8253fdf89ef,SIN ACTUALIZAR,0,No
dc9ea746b5ab01c3,SIN ACTUALIZAR,0,No
bbaf87019afb3942,SIN ACTUALIZAR,0,No
3b309b874ccc5e80,SIN ACTUALIZAR,0,No
2361643b8ff3ec7b,SIN ACTUALIZAR,0,No
b1e247a2378146db,SIN ACTUALIZAR,0,No
ccaccb2402663fe6,SIN ACTUALIZAR,0,No
5db4138e4f425e70,SIN ACTUALIZAR,0,No
e1d1639212bb3e98,SIN ACTUALIZAR,0,No
c14985e68c2c0caa,SIN ACTUALIZAR,0,No
08f436c2b6962c5a,SIN ACTUALIZAR,0,No
e08ef1e1520cb34d,SIN ACTUALIZAR,0,No
89e16290d4bd85ed,SIN ACTUALIZAR,0,No
1bfcb4e431ff6acf,SIN ACTUALIZAR,0,No
83919e69fdb33a91,SIN ACTUALIZAR,0,No
9345fb50be78d154,SIN ACTUALIZAR,0,No
8615ea4d993044d9,SIN ACTUALIZAR,0,No
3262367fe9bac4e9,SIN ACTUALIZAR,0,No
a4f85507a9422bbc,SIN ACTUALIZAR,0,No
dd4ac98f2baa26f2,SIN ACTUALIZAR,0,No
f33486efba84b9e8,SIN ACTUALIZAR,0,No
b3f3b8b46322948a,SIN ACTUALIZAR,0,No
a91d4278281f4f5e,SIN ACTUALIZAR,0,No
c136191a76102a45,SIN ACTUALIZAR,0,No
2581d92723b04fe3,SIN ACTUALIZAR,0,No
751e201c0023cffa,SIN ACTUALIZAR,0,No
9c955016c6b173d5,SIN ACTUALIZAR,0,No
32d09cd3a5b964b8,SIN ACTUALIZAR,0,No
5bbaaf3828ec2dbc,SIN ACTUALIZAR,0,No
5ec98898354120e1,SIN ACTUALIZAR,0,No
7eb3cbf0c12679eb,SIN ACTUALIZAR,0,No
4ca1cd4e79323991,SIN ACTUALIZAR,0,No
e6ad334581e37205,SIN ACTUALIZAR,0,No
6c20e8a59e1b1b74,ACTIVA,0,No
a5f629bacb55f744,SIN ACTUALIZAR,0,No
37d6fa38d1aca29e,SIN ACTUALIZAR,0,No
31794b01c25466e8,SIN ACTUALIZAR,0,No
16d359df114d1fae,SIN ACTUALIZAR,0,No
3dd2fa657adaf3d7,SIN ACTUALIZAR,0,No
eefe21b1c833b5fe,SIN ACTUALIZAR,0,No
846245c30c8371ed,SIN ACTUALIZAR,0,No
49978184a7d48811,SIN ACTUALIZAR,0,No
0838ee0d4276d2af,SIN ACTUALIZAR,0,No
c79b8dd33d0b446a,SIN ACTUALIZAR,0,No
fadd1c4d2cd16c9e,SIN ACTUALIZAR,0,No
981d9e51318fd367,SIN ACTUALIZAR,0,No
e936d257ff0e72b5,SIN ACTUALIZAR,0,No
2bebd2e35c441f36,SIN ACTUALIZAR,0,No
6a49f7fee5bc916e,SIN ACTUALIZAR,0,No
0975c8f447c44453,SIN ACTUALIZAR,0,No
0ed9d70c934c5e9f,SIN ACTUALIZAR,0,No
ab6e028a85942de3,SIN ACTUALIZAR,0,No
d8a9220e637c9a7b,SIN ACTUALIZAR,0,No
94e57464e790b8dd,SIN ACTUALIZAR,0,No
80d79f7812e23484,SIN ACTUALIZAR,0,No
9ae236517712a4d3,SIN ACTUALIZAR,0,No
b4465ede56918918,SIN ACTUALIZAR,0,No
b3e8f23cb047fcc9,SIN ACTUALIZAR,0,No
4c7af53677d4696c,SIN ACTUALIZAR,0,No
de96363f85705578,SIN ACTUALIZAR,0,No
22f8f79c08d53a6c,SIN ACTUALIZAR,0,No
86d3b0ca68e5c87b,SIN ACTUALIZAR,0,No
30b65a0f8356e996,SIN ACTUALIZAR,0,No
57521d951cae784e,SIN ACTUALIZAR,0,No
fcfc1a522c837e81,SIN ACTUALIZAR,0,No
8a544c805890028c,SIN ACTUALIZAR,0,No
34a8b6758d743dfb,SIN ACTUALIZAR,0,Sí
bdc433b08671ee58,SIN ACTUALIZAR,0,No
89bcb746b7950508,SIN ACTUALIZAR,0,No
0906f2369f4a8f64,SIN ACTUALIZAR,0,No
74c0568e176b3375,SIN ACTUALIZAR,0,No
07329cd983211199,SIN ACTUALIZAR,0,No
c58950a5e0ea5a8c,SIN ACTUALIZAR,0,No
aeb7cf823e3e419c,SIN ACTUALIZAR,0,No
4e1787ca0c09bb19,SIN ACTUALIZAR,0,No
c3d1232ee92be1fa,SIN ACTUALIZAR,0,Sí
7d176bd36fffcc12,SIN ACTUALIZAR,0,No
5a6218c189104d8c,SIN ACTUALIZAR,0,No
5cabd798224486b6,SIN ACTUALIZAR,0,No
38e37057e391941a,SIN ACTUALIZAR,0,No
ce32320d278d0606,SIN ACTUALIZAR,0,No
41eafe1fb135b9a7,SIN ACTUALIZAR,0,No
da0bd78ed02d8ad4,SIN ACTUALIZAR,0,No
99866f7aa91c3211,SIN ACTUALIZAR,0,No
593a9691b4580c9e,SIN ACTUALIZAR,0,No
0adf361d5464132e,SIN ACTUALIZAR,0,No
1c5c834c927a24fc,SIN ACTUALIZAR,0,No
c73fd7bb0993037f,SIN ACTUALIZAR,0,No
2827994929724d6a,SIN ACTUALIZAR,0,No
e28638250b39775e,SIN ACTUALIZAR,0,No
bec29f1e78200107,SIN ACTUALIZAR,0,No
ac1a5eacce67c169,SIN ACTUALIZAR,0,No
61f804392cb07a25,SIN ACTUALIZAR,0,No
151413a68071d906,SIN ACTUALIZAR,0,No
c059452f3f8e7a0f,SIN ACTUALIZAR,0,No
c220734c1fe69aec,SIN ACTUALIZAR,0,No
f74588a49880524a,SIN ACTUALIZAR,0,No
242f438a413b951b,SIN ACTUALIZAR,0,No
b902a41469e18812,SIN ACTUALIZAR,0,No
f81f857d985b00e4,SIN ACTUALIZAR,0,No
4e988b64dc21f3b4,SIN ACTUALIZAR,0,No
914b9dfac5b47583,SIN ACTUALIZAR,0,No
a46571e11b143866,SIN ACTUALIZAR,0,No
ee32cb723f21b923,SIN ACTUALIZAR,0,No
1bac550b782bc1bd,SIN ACTUALIZAR,0,No
3a144cb5bcdd57e4,SIN ACTUALIZAR,0,No
84e25eb7e6cd7df6,SIN ACTUALIZAR,0,No
f001d3e4643cc163,SIN ACTUALIZAR,0,No
86c9bd4319554f60,SIN ACTUALIZAR,0,No
1ab4c8572b592a65,SIN ACTUALIZAR,0,No
5a495ec9121e113a,SIN ACTUALIZAR,0,No
c01accfaa4dd8648,SIN ACTUALIZAR,0,No
2c3f28e08cfb2cdf,SIN ACTUALIZAR,0,No
f422ed11d6ed0fdb,SIN ACTUALIZAR,0,No
b5ccbde8ad6ccce7,SIN ACTUALIZAR,0,No
74f2f351da57525c,SIN ACTUALIZAR,0,No
e3aabcfb2b881c5b,SIN ACTUALIZAR,0,No
f683e37b8a0413a7,SIN ACTUALIZAR,0,No
18d7b40caa6f40a8,SIN ACTUALIZAR,0,No
9f6fe9fe8263e13e,SIN ACTUALIZAR,0,No
4c05a0d4b3fb5102,SIN ACTUALIZAR,0,No
722994dcaa9a1d3b,SIN ACTUALIZAR,0,No
91c9d9f62351059f,SIN ACTUALIZAR,0,No
2d0840703c98c227,SIN ACTUALIZAR,0,No
4150890a91995c7e,SIN ACTUALIZAR,0,No
15249df41db68bde,SIN ACTUALIZAR,0,No
ed94cf3ed806c287,SIN ACTUALIZAR,0,No
a94245d132cc8d21,SIN ACTUALIZAR,0,No
1c56a96a5d9b00db,SIN ACTUALIZAR,0,No
092dd41565e5be0a,SIN ACTUALIZAR,0,Sí
6817f082b233864a,SIN ACTUALIZAR,0,No
0a15dfda81782244,SIN ACTUALIZAR,0,No
645158b913023b5b,SIN ACTUALIZAR,0,No
f172b0525440bd4a,SIN ACTUALIZAR,0,No
5fec5b357ebe4bf1,SIN ACTUALIZAR,0,No
92fc4b87542ef5c2,SIN ACTUALIZAR,0,No
abb989a1219fc143,SIN ACTUALIZAR,0,No
cca9b44908ff687b,SIN ACTUALIZAR,0,No
3ec7afe023abdbb8,SIN ACTUALIZAR,0,No
d35a6e3087a185e2,SIN ACTUALIZAR,0,No
4cdbe01c60223d13,SIN ACTUALIZAR,0,No
dfaf07638f5e9267,SIN ACTUALIZAR,0,No
e8c9c1d24e31ab08,SIN ACTUALIZAR,0,No
30ed98019646388e,SIN ACTUALIZAR,0,No
fd7c30293ce9eff1,SIN ACTUALIZAR,0,No
60049b34ba487c9b,SIN ACTUALIZAR,0,No
470b77ab35f64a04,SIN ACTUALIZAR,0,No
b8e75597ff7a1a3b,SIN ACTUALIZAR,0,No
24692c831b6954b7,SIN ACTUALIZAR,0,No
41779f79394476a8,SIN ACTUALIZAR,0,No
4042efb575831b17,SIN ACTUALIZAR,0,No
5bdd73abc7797011,SIN ACTUALIZAR,0,No
8e82695e0815f597,SIN ACTUALIZAR,0,No
f4e9141232a47bf3,SIN ACTUALIZAR,0,No
d8841ff729977992,SIN ACTUALIZAR,0,No
2b133480827eb2fb,SIN ACTUALIZAR,0,No
8f3a310305e6ef36,SIN ACTUALIZAR,0,No
c9dd1a42c1d96909,SIN ACTUALIZAR,0,No
55f7e0c90064c3b2,SIN ACTUALIZAR,0,No
782c60cb3f190b38,SIN ACTUALIZAR,0,No
2125e099da3d8e83,SIN ACTUALIZAR,0,No
a89015277066b06c,SIN ACTUALIZAR,0,No
63665927228bd777,SIN ACTUALIZAR,0,No
5a24fa44f7adeb33,SIN ACTUALIZAR,0,No
18d7b03c8e12aa5a,SIN ACTUALIZAR,0,No
09e76bfc75d91401,SIN ACTUALIZAR,0,No
b65bdb15f7ff19bf,SIN ACTUALIZAR,0,No
15c84a87475bedca,SIN ACTUALIZAR,0,No
a7f50436a23ae4f0,SIN ACTUALIZAR,0,No
0ee05bd8dcfbd0e3,SIN ACTUALIZAR,0,No
344cca500109021e,SIN ACTUALIZAR,0,No
5865c9495852d6e5,SIN ACTUALIZAR,0,No
584b974057eeab9a,SIN ACTUALIZAR,0,No
c3330c5b144380c8,SIN ACTUALIZAR,0,No
1c879757fa930409,SIN ACTUALIZAR,0,No
b24b2956019695bf,SIN ACTUALIZAR,0,No
dc4ac02c7a2789e4,ACTIVA,0,No
ef19f4124e43e826,ACTIVA,0,No
9e1e7bb73c6d0368,SIN ACTUALIZAR,0,No
0dd2d9cbd4a4cc87,SIN ACTUALIZAR,0,No
998d48968dc99cd3,SIN ACTUALIZAR,0,No
3f54e388d4fc6b9f,SIN ACTUALIZAR,0,No
457b0970b459f1a3,SIN ACTUALIZAR,0,No
4ca7ef498c198b90,SIN ACTUALIZAR,0,No
ce1486363f45b1b6,ACTIVA,0,No
fb971ef44bf6b9fa,ACTIVA,0,No
cab4f8cbf8e01946,SIN ACTUALIZAR,0,No
f59900339eda4d03,SIN ACTUALIZAR,0,No
6ff718c7ded0056d,SIN ACTUALIZAR,0,No
fc2a469f63212374,SIN ACTUALIZAR,0,No
96a9a7c1e7ba7ee1,SIN ACTUALIZAR,0,No
6340f4fb73f7a2b2,ACTIVA,0,No
c7047d2db013e6b6,SIN ACTUALIZAR,0,No
c06535321bfe5ff4,SIN ACTUALIZAR,0,No
8e41b427c632c355,SIN ACTUALIZAR,0,No
60e0711613d702b5,SIN ACTUALIZAR,0,No
5f381a65f4dc49cd,ACTIVA,0,No
8af1298c9a5a4bd7,SIN ACTUALIZAR,0,No
849c8dc0830b390a,ACTIVA,0,Sí
0ad8c7dbf6652ff7,SIN ACTUALIZAR,0,No
975e6876c7f1b6c0,SIN ACTUALIZAR,0,No
ff36a2f62b1ca79e,SIN ACTUALIZAR,0,No
f911d0fe47e8408f,SIN ACTUALIZAR,0,No
8563817955f456c2,ACTIVA,0,No
b99f5dab46646af0,SIN ACTUALIZAR,0,No
b6a6ee194967473a,SIN ACTUALIZAR,0,No
db3e26ef03c7f1a2,SIN ACTUALIZAR,0,No
02960261b5e92d2a,SIN ACTUALIZAR,0,No
e550edeacb9e123c,SIN ACTUALIZAR,0,No
964411c88f2f97a4,SIN ACTUALIZAR,0,No
9c0ba679d75b47de,SIN ACTUALIZAR,0,No
4f40e70bfcd17df4,SIN ACTUALIZAR,0,No
d0c7a3a729281f6b,SIN ACTUALIZAR,0,No
634593dd404e07d2,SIN ACTUALIZAR,0,No
d4db3f8b08c6721b,SIN ACTUALIZAR,0,No
6bfc3128060e3f49,SIN ACTUALIZAR,0,No
15d6d7f3452479f6,SIN ACTUALIZAR,0,No
f4d00c9cf6d72b27,SIN ACTUALIZAR,0,No
63ec084518b4e0a8,SIN ACTUALIZAR,0,No
506e09f3d2d139a3,SIN ACTUALIZAR,0,No
523b7803741bebd8,SIN ACTUALIZAR,0,No
72ccd8516ded6542,SIN ACTUALIZAR,0,No
9ee7fc35da1c3c58,SIN ACTUALIZAR,0,No
ef776ca8cdeb7c1b,SIN ACTUALIZAR,0,No
49568231caf1de8d,SIN ACTUALIZAR,0,No
e992b306b636aa67,SIN ACTUALIZAR,0,No
4537ee81762b6981,SIN ACTUALIZAR,0,No
7cfbb355f77c7979,SIN ACTUALIZAR,0,No
76d81b8a2fcfb108,SIN ACTUALIZAR,0,No
5d8c2936f886e96d,SIN ACTUALIZAR,0,No
0882d5541ce19905,SIN ACTUALIZAR,0,No
ce8c42d5e49b8671,SIN ACTUALIZAR,0,No
137bca45524af1ce,SIN ACTUALIZAR,0,No
58223c3317d8c909,SIN ACTUALIZAR,0,No
7221b780a0945e69,SIN ACTUALIZAR,0,No
1ce4eb51dc2ffac8,SIN ACTUALIZAR,0,No
e5524be13968d17c,SIN ACTUALIZAR,0,No
470188a3b80fb3a3,SIN ACTUALIZAR,0,No
3f04164c24ee4510,SIN ACTUALIZAR,0,No
f35df84f183b44d2,SIN ACTUALIZAR,0,No
7e0329a988f6737d,SIN ACTUALIZAR,0,No
05d7369b39a24301,SIN ACTUALIZAR,0,No
579eb0891ac6c75d,SIN ACTUALIZAR,0,No
9ff47ad11b222eb3,SIN ACTUALIZAR,0,No
bf562e3b5a74bb35,SIN ACTUALIZAR,0,No
2013ab5273846dab,SIN ACTUALIZAR,0,No
31bb4a1c72ea10c5,SIN ACTUALIZAR,0,No
b97bdf9715812ff3,SIN ACTUALIZAR,0,No
7ab9a70043041592,SIN ACTUALIZAR,0,No
57f5d8e279b60367,SIN ACTUALIZAR,0,No
e0a0dbb8e51fb1a5,SIN ACTUALIZAR,0,No
63720c3d0febd1f2,SIN ACTUALIZAR,0,No
37f6af1e560d899d,SIN ACTUALIZAR,0,No
e31b2575d8723628,SIN ACTUALIZAR,0,No
7b1e8dc3d2c6163a,SIN ACTUALIZAR,0,No
e849b95df737f339,SIN ACTUALIZAR,0,No
5c991db5e93a2ccc,SIN ACTUALIZAR,0,No
a7d0836c7e72c194,SIN ACTUALIZAR,0,No
4dc3e30cfff1141c,SIN ACTUALIZAR,0,No
1e64cf2187204083,SIN ACTUALIZAR,0,No
b153a038d36048bf,SIN ACTUALIZAR,0,No
565680739276d61b,SIN ACTUALIZAR,0,No
76e71b0c641f535e,SIN ACTUALIZAR,0,No
c402e05f55369add,SIN ACTUALIZAR,0,No
d649cb577f4dea69,SIN ACTUALIZAR,0,No
2982ad8494b0f46a,SIN ACTUALIZAR,0,No
56a8fd27e63c729a,SIN ACTUALIZAR,0,No
78b776c8f4953555,SIN ACTUALIZAR,0,No
ff488d42002a2fd8,SIN ACTUALIZAR,0,No
a7c2391af03e9088,SIN ACTUALIZAR,0,No
9b8157ca6809af96,SIN ACTUALIZAR,0,No
fb1cfb320a4f3c10,SIN ACTUALIZAR,0,No
b608ba87efab5aca,SIN ACTUALIZAR,0,No
85db8f26a1620e7e,SIN ACTUALIZAR,0,No
2a2a89378b213580,SIN ACTUALIZAR,0,No
e05d5f842f5eb3ee,SIN ACTUALIZAR,0,No
990b0ebe0d627c76,SIN ACTUALIZAR,0,No
cca15038ac003b4f,SIN ACTUALIZAR,0,No
f3f68937b7087b8f,SIN ACTUALIZAR,0,No
cd677da29ebf1db9,SIN ACTUALIZAR,0,No
fa98c5be97e9a1c2,SIN ACTUALIZAR,0,No
e031c7b66cf955ed,SIN ACTUALIZAR,0,No
57d2e7e1929c5e5b,SIN ACTUALIZAR,0,No
51329c7b5225dde1,SIN ACTUALIZAR,0,No
e1c7d18ddbdd7485,SIN ACTUALIZAR,0,No
a34b63b77e4e8b0f,SIN ACTUALIZAR,0,No
09797000cdd1dea1,SIN ACTUALIZAR,0,No
377e7edaec3c079e,SIN ACTUALIZAR,0,No
75d568195bd3365f,SIN ACTUALIZAR,0,No
4e15c65d75accaf6,SIN ACTUALIZAR,0,No
eb3705d6550380a6,SIN ACTUALIZAR,0,No
02070901aaafdbe2,SIN ACTUALIZAR,0,No
8eba98f0d2f8c245,SIN ACTUALIZAR,0,No
c1f12298fdc17085,SIN ACTUALIZAR,0,No
c9567b01aad1e91b,SIN ACTUALIZAR,0,No
e9edefad439d785c,SIN ACTUALIZAR,0,No
c79848378e74450d,SIN ACTUALIZAR,0,No
3e3a1f6f6f1c74f0,SIN ACTUALIZAR,0,No
8ad402359e128949,SIN ACTUALIZAR,0,No
1a2851cf8347c739,SIN ACTUALIZAR,0,No
987ccca5fe6342bc,SIN ACTUALIZAR,0,No
959f3b93de748fc8,SIN ACTUALIZAR,0,No
d4ecff11765b868e,SIN ACTUALIZAR,0,No
e56ab4073402006f,SIN ACTUALIZAR,0,No
d721c2e64a1598f1,SIN ACTUALIZAR,0,No
4ac8edfd0b933c3f,SIN ACTUALIZAR,0,No
09f3a18d39c5db7f,SIN ACTUALIZAR,0,No
53c045623d593c0e,SIN ACTUALIZAR,0,No
17088b1864f582a5,SIN ACTUALIZAR,0,No
2575eaf3b748efc2,SIN ACTUALIZAR,0,No
4f03d53e1e533535,SIN ACTUALIZAR,0,No
5ceaf039dbc9ea81,SIN ACTUALIZAR,0,No
e51f89cc3cc9e8a0,SIN ACTUALIZAR,0,No
824a114673535ed9,SIN ACTUALIZAR,0,No
f474efa5c31a5050,SIN ACTUALIZAR,0,No
8684a73d298b47a3,SIN ACTUALIZAR,0,No
7787faf11636b062,SIN ACTUALIZAR,0,No
89dedbb6d9a7bdce,SIN ACTUALIZAR,0,No
0334c36007aae53a,SIN ACTUALIZAR,0,No
09ef50940009e5bf,SIN ACTUALIZAR,0,No
3ed490571843af81,SIN ACTUALIZAR,0,No
15acd5fc8aa2e02b,SIN ACTUALIZAR,0,No
e8b441cb2ef8f60a,SIN ACTUALIZAR,0,No
48ab385ff1e09c66,SIN ACTUALIZAR,0,No
394069cfe7cacb98,SIN ACTUALIZAR,0,No
73b677bb29801812,SIN ACTUALIZAR,0,No
10377a04d9bf7bfb,SIN ACTUALIZAR,0,No
a32a5dd78e2a41f6,SIN ACTUALIZAR,0,No
880de37098f8ca8e,SIN ACTUALIZAR,0,No
d8c6da587cab349c,SIN ACTUALIZAR,0,No
f855b3e65f939720,SIN ACTUALIZAR,0,No
e092270550a0e060,ACTIVA,0,No
4b8d21265752b6e8,SIN ACTUALIZAR,0,No
7577498c89871d4f,SIN ACTUALIZAR,0,No
ec5ae8d172f7a893,SIN ACTUALIZAR,0,No
4905b2e2b16ea9c2,ACTIVA,0,No
c045ed00b9ca5b4d,SIN ACTUALIZAR,0,No
79761cfa558dc05d,SIN ACTUALIZAR,0,No
ef7402cee3c5e159,SIN ACTUALIZAR,0,No
69f251effe0fc5ef,SIN ACTUALIZAR,0,No
bbcea5465e709740,SIN ACTUALIZAR,0,No
3aa3de356fe650d5,SIN ACTUALIZAR,0,No
08140a066bf99ba0,SIN ACTUALIZAR,0,No
34cbe3e884411302,SIN ACTUALIZAR,0,No
5b67ac63c2148103,SIN ACTUALIZAR,0,No
cd24eb0f3dd6f1b3,SIN ACTUALIZAR,0,No
8b66c8e2e2220366,SIN ACTUALIZAR,0,No
2ed572a5d864ecd5,SIN ACTUALIZAR,0,No
5b54cbc26903d28d,SIN ACTUALIZAR,0,No
182561f3168d80a1,SIN ACTUALIZAR,0,No
86ea264c34a8ee92,ACTIVA,0,No
7d417d649c4d917d,SIN ACTUALIZAR,0,No
98c6f12cf67e4aa4,ACTIVA,0,No
1036ffba61059076,SIN ACTUALIZAR,0,No
1822a8ddd87340ff,SIN ACTUALIZAR,0,No
9a2b36690690d6f6,SIN ACTUALIZAR,0,No
6553f6bd8c3cf447,SIN ACTUALIZAR,0,No
2b2bcc9eb2b60612,SIN ACTUALIZAR,0,No
c5ade1d7e9e5a635,SIN ACTUALIZAR,0,No
8f8e5e94a04b935f,SIN ACTUALIZAR,0,No
ef74d7b7452bea25,SIN ACTUALIZAR,0,No
af004637d56427f4,SIN ACTUALIZAR,0,No
af3a9eb3274daf4b,SIN ACTUALIZAR,0,No
62d76ee39cffdf5d,ACTIVA,0,No
d57b737a4b771eed,SIN ACTUALIZAR,0,No
cb3ea29e088584b8,SIN ACTUALIZAR,0,No
743a06ae5392b3f1,SIN ACTUALIZAR,0,No
fef9aff377589812,SIN ACTUALIZAR,0,No
656c6e7c71b5fe73,SIN ACTUALIZAR,0,No
8199088dea622b47,SIN ACTUALIZAR,0,No
7e1163b3868ff3b0,ACTIVA,0,No
b5f9d03cf1c5d583,SIN ACTUALIZAR,0,No
f2c0c481d6d6af0b,SIN ACTUALIZAR,0,No
c24802aafcbbb5d0,SIN ACTUALIZAR,0,No
a50b5be5f4ff7ea9,SIN ACTUALIZAR,0,No
f957373d2a222c4e,SIN ACTUALIZAR,0,No
aa5a9f986ac78070,SIN ACTUALIZAR,0,No
d67e63e391a41551,SIN ACTUALIZAR,0,No
c553dc3283c858d6,SIN ACTUALIZAR,0,No
16d4c5bf7eb5f6e8,SIN ACTUALIZAR,0,No
724618780674c44b,SIN ACTUALIZAR,0,No
2ddee81d097f550d,ACTIVA,0,No
62fcdb6ab7d86646,SIN ACTUALIZAR,0,No
d86cb3d8304a2ced,SIN ACTUALIZAR,0,No
a424f1f01cfab623,SIN ACTUALIZAR,0,No
8569da4a43cf1f5a,SIN ACTUALIZAR,0,No
e50725c0eeae06d5,SIN ACTUALIZAR,0,No
54750e433d920065,SIN ACTUALIZAR,0,No
ca9dd71f2db93f71,SIN ACTUALIZAR,0,No
ec8e0696e80a8e8c,SIN ACTUALIZAR,0,No
00358c94503a8d9e,SIN ACTUALIZAR,0,No
4897b70947bf82f7,SIN ACTUALIZAR,0,No
40c1d250c9770298,SIN ACTUALIZAR,0,No
5ee88efb44a62c56,SIN ACTUALIZAR,0,No
e8fcb5c680b6bdab,SIN ACTUALIZAR,0,No
5727fa1d0cb394af,SIN ACTUALIZAR,0,No
4ed6385442789c13,SIN ACTUALIZAR,0,No
568755496a2b5ecc,SIN ACTUALIZAR,0,No
832777ca15af30de,SIN ACTUALIZAR,0,No
5952b6d60763e61e,SIN ACTUALIZAR,0,No
381c54419245992d,SIN ACTUALIZAR,0,No
42c4232c19f3a689,ACTIVA,0,No
39dd8755b9b8bfcd,SIN ACTUALIZAR,0,No
3a1e59019ccaa8bc,SIN ACTUALIZAR,0,No
bd5b4475ad702f1f,SIN ACTUALIZAR,0,No
bea1e98706cb0c09,SIN ACTUALIZAR,0,Sí
2464d583948e7369,SIN ACTUALIZAR,0,No
35dc3b84aaff8203,SIN ACTUALIZAR,0,No
c564abeebce244fd,SIN ACTUALIZAR,0,No
0ad1e8e19521af38,SIN ACTUALIZAR,0,No
cdd0ad20946b8bdd,SIN ACTUALIZAR,0,No
69aa2748e6a1f0c3,SIN ACTUALIZAR,0,No
d19a2ed62af6eb53,SIN ACTUALIZAR,0,No
55201ba1af31bded,SIN ACTUALIZAR,0,No
7c5b34dcc4ab1638,SIN ACTUALIZAR,0,No
20300013d055d63c,ACTIVA,0,No
09db7ba4c23b6106,SIN ACTUALIZAR,0,No
b0638251b9699e7b,SIN ACTUALIZAR,0,No
138c4c9a5ae1f9ff,SIN ACTUALIZAR,0,No
ca1ed2c1cad95f5f,SIN ACTUALIZAR,0,No
79113765c9b7d688,SIN ACTUALIZAR,0,No
767507f982e47bff,SIN ACTUALIZAR,0,No
510dd42fcb5e39a4,SIN ACTUALIZAR,0,No
351cff49ce968bd6,SIN ACTUALIZAR,0,No
04ed28ab2b2a010c,SIN ACTUALIZAR,0,No
3551a84cfdcf1980,SIN ACTUALIZAR,0,No
24ee79621dbf0eed,SIN ACTUALIZAR,0,No
aef22050d9d0c9c0,SIN ACTUALIZAR,0,No
f3d99c0db5449980,ACTIVA,0,No
01e96e066eff2e82,SIN ACTUALIZAR,0,No
db91ad08a11ff41d,SIN ACTUALIZAR,0,No
f4b74579b24f0118,SIN ACTUALIZAR,0,No
814a76822c53611d,SIN ACTUALIZAR,0,No
856b9705dbec4a9e,SIN ACTUALIZAR,0,No
912d67e0b151b234,ACTIVA,0,No
ed425c6feb230dcc,ACTIVA,0,No
67522fab6c0e8796,SIN ACTUALIZAR,0,No
c07a32aadecaf576,SIN ACTUALIZAR,0,No
f97448b9360b0214,SIN ACTUALIZAR,0,No
e7646070a4cd9c90,SIN ACTUALIZAR,0,No
257bcb82ac5a481a,SIN ACTUALIZAR,0,No
769d89fa68d5e578,SIN ACTUALIZAR,0,No
fcc829e7dd1db873,SIN ACTUALIZAR,0,No
57204251806dead2,ACTIVA,0,No
8c0906fd5efd19b2,SIN ACTUALIZAR,0,No
a93225fd1f7ce130,SIN ACTUALIZAR,0,No
97b90813f7f65e2b,SIN ACTUALIZAR,0,No
06041f6fe11a8416,SIN ACTUALIZAR,0,No
24d9e83b9e50f5be,ACTIVA,0,No
912cdef31b10a5d8,SIN ACTUALIZAR,0,No
41c3080c5f248cfc,SIN ACTUALIZAR,0,No
bb0c30cc3cd79a7b,SIN ACTUALIZAR,0,No
519b74a02a32927e,SIN ACTUALIZAR,0,No
cec0a384f41fb244,ACTIVA,0,No
cbdbb864a7b15c59,SIN ACTUALIZAR,0,No
7963470b9d91a2d2,SIN ACTUALIZAR,0,No
d6fcfbd13c525990,ACTIVA,0,No
4084d3cef1c2290e,SIN ACTUALIZAR,0,No
e7bca8464289691d,SIN ACTUALIZAR,0,No
4225b96eae6636e5,SIN ACTUALIZAR,0,No
c47ebe72dc3a2893,SIN ACTUALIZAR,0,No
8b99916aded9af15,SIN ACTUALIZAR,0,No
de771b0a105c84a9,SIN ACTUALIZAR,0,No
d7508e75bd7e54d8,SIN ACTUALIZAR,0,No
65a2b2417007ae40,SIN ACTUALIZAR,0,No
04442f336f473b04,SIN ACTUALIZAR,0,No
2b0607c49f2d11be,SIN ACTUALIZAR,0,No
86bb6a2319b6e8ac,SIN ACTUALIZAR,0,No
dab25eed9d9d31a8,SIN ACTUALIZAR,0,No
ab26644646efad98,SIN ACTUALIZAR,0,No
33679030a680f82f,SIN ACTUALIZAR,0,No
30aae560ce0a3972,SIN ACTUALIZAR,0,No
fabe1f519ce6f051,SIN ACTUALIZAR,0,No
2c9fa506526e2b23,SIN ACTUALIZAR,0,No
07de4a4bc40e03bd,ACTIVA,0,No
982b0bc6c3feb165,SIN ACTUALIZAR,0,No
ad6fc94e2a663a89,SIN ACTUALIZAR,0,No
28f67755e2432c22,SIN ACTUALIZAR,0,No
071dcb548fb1a3d5,SIN ACTUALIZAR,0,No
b2c90b16a2864cf1,SIN ACTUALIZAR,0,No
76cb289ca78c771b,SIN ACTUALIZAR,0,No
171bb8faae3a5b2d,SIN ACTUALIZAR,0,No
8c7f435bbf6bb8c1,SIN ACTUALIZAR,0,No
346959ce46ed84f6,SIN ACTUALIZAR,0,No
5c075290e9212795,ACTIVA,0,No
0973288c77f97c92,SIN ACTUALIZAR,0,No
dea7966ebd885a67,SIN ACTUALIZAR,0,No
e03561822ee2eb2d,SIN ACTUALIZAR,0,No
c24628e0c17541c8,SIN ACTUALIZAR,0,No
eb266a6ddf70e17e,SIN ACTUALIZAR,0,No
cd0612712f91182e,SIN ACTUALIZAR,0,No
c6b3efc496c7eabd,SIN ACTUALIZAR,0,No
ff4cfd98fc176f36,SIN ACTUALIZAR,0,No
16a7b0f885b6f4df,SIN ACTUALIZAR,0,No
4208d3bf74a956f3,SIN ACTUALIZAR,0,No
bd7739509fa70c85,ACTIVA,0,No
29a2de3c53a0710f,SIN ACTUALIZAR,0,No
d3f0d126711eb978,SIN ACTUALIZAR,0,No
9807e92e304de5b8,ACTIVA,0,No
62387ab8fdba76cc,SIN ACTUALIZAR,0,No
74bd25fbd2615c3e,SIN ACTUALIZAR,0,No
84f9151c9746fe52,SIN ACTUALIZAR,0,No
2975c9a2fabe29d7,SIN ACTUALIZAR,0,No
9675bde0231da8d7,ACTIVA,0,No
59f2772aca8841b6,SIN ACTUALIZAR,0,No
2fc4ff50a3f102b6,SIN ACTUALIZAR,0,No
17111411f938d9a2,SIN ACTUALIZAR,0,No
9e2c22d41f43e163,ACTIVA,0,No
e8aa434fe73b58d2,SIN ACTUALIZAR,0,No
84ad4988d2f9d5c6,ACTIVA,0,No
5358fd8061b36041,SIN ACTUALIZAR,0,No
22d436278c2d2678,SIN ACTUALIZAR,0,No
120c591b0e4c359e,SIN ACTUALIZAR,0,No
40e1ab68849fb8a4,ACTIVA,0,No
7026047c5e9f1823,SIN ACTUALIZAR,0,No
95e604186e18386f,SIN ACTUALIZAR,0,No
8ee6af2e8d2b4ccf,SIN ACTUALIZAR,0,No
8e1d0f77637db1a5,ACTIVA,0,No
de14d69ecb05cea2,SIN ACTUALIZAR,0,No
092f648c8f4deefb,SIN ACTUALIZAR,0,No
c225c8dca6a511c7,SIN ACTUALIZAR,0,No
df5f291bbd4aec1a,SIN ACTUALIZAR,0,No
3f57d30cb3624674,SIN ACTUALIZAR,0,No
66315ff24583d48c,SIN ACTUALIZAR,0,No
d628cae0090a6c37,SIN ACTUALIZAR,0,No
f8bb8ac0d0154c94,SIN ACTUALIZAR,0,No
f46ba701b9d96c1d,SIN ACTUALIZAR,0,No
48002b47ecdcaeb4,SIN ACTUALIZAR,0,No
1e07cd29e230f366,SIN ACTUALIZAR,0,No
02c962fcfb3bf8ca,SIN ACTUALIZAR,0,No
d885bb7273fb4e74,SIN ACTUALIZAR,0,No
5d60fc4768a0d01e,SIN ACTUALIZAR,0,No
98e4c2dd19e0d5bb,SIN ACTUALIZAR,0,No
e75e44aab1778ede,ACTIVA,0,No
eeadbdae5c93dc63,SIN ACTUALIZAR,0,No
f0a761fb34823e9a,SIN ACTUALIZAR,0,No
0d4ffc8959a9277e,SIN ACTUALIZAR,0,No
2111bfba5699b3c9,SIN ACTUALIZAR,0,No
125ae2e6409e498c,SIN ACTUALIZAR,0,No
8072f6579de32612,SIN ACTUALIZAR,0,No
44efb58a63e90cb9,SIN ACTUALIZAR,0,No
f421319a6d338f4c,SIN ACTUALIZAR,0,No
98f2cbf89ca9e35c,SIN ACTUALIZAR,0,No
2de9233924dcde1c,SIN ACTUALIZAR,0,No
3e202088a0f6c909,SIN ACTUALIZAR,0,No
d981675479ab4430,SIN ACTUALIZAR,0,No
13b34a353ac9ea65,SIN ACTUALIZAR,0,No
80cab1ce32c30153,SIN ACTUALIZAR,0,No
f7a44f7bb347ac54,SIN ACTUALIZAR,0,No
2a9dda5adde456cb,SIN ACTUALIZAR,0,Sí
6b6e8c7036722d03,SIN ACTUALIZAR,0,No
c5e51c6f1bbc2999,SIN ACTUALIZAR,0,No
48f565383f47c675,SIN ACTUALIZAR,0,No
b6d1c1a2a9ceb6f2,SIN ACTUALIZAR,0,No
8ef51b9a6ccf7c10,SIN ACTUALIZAR,0,No
f837bce807410ac6,SIN ACTUALIZAR,0,No
275839578ec60b50,SIN ACTUALIZAR,0,No
55ef1fb3131d982e,SIN ACTUALIZAR,0,No
7e61793309788428,SIN ACTUALIZAR,0,No
2b2ac07813fde256,ACTIVA,0,No
8489b8668e001e62,SIN ACTUALIZAR,0,No
dfbe24a7245293b7,SIN ACTUALIZAR,0,No
6b689d246c11ea35,SIN ACTUALIZAR,0,No
a70a07bc2e930c37,SIN ACTUALIZAR,0,No
c547e37e3c5d2add,SIN ACTUALIZAR,0,No
d9381190f981d16a,SIN ACTUALIZAR,0,No
7ce2ef889fd3931d,SIN ACTUALIZAR,0,No
091dc109aa58c7a6,SIN ACTUALIZAR,0,No
70639b62a74e213b,SIN ACTUALIZAR,0,No
603b719e6471994b,ACTIVA,0,No
b673e054a9c64d69,SIN ACTUALIZAR,0,No
3d3ce5a7f0af95c6,SIN ACTUALIZAR,0,No
709635bebab73633,SIN ACTUALIZAR,0,No
db847180fec2988d,SIN ACTUALIZAR,0,No
f355a2a07982341b,SIN ACTUALIZAR,0,No
53a6166821a8283b,SIN ACTUALIZAR,0,No
0bf17220549b894b,SIN ACTUALIZAR,0,No
78d5895c4f5d7d4e,SIN ACTUALIZAR,0,No
dc9a34cf6e387493,SIN ACTUALIZAR,0,No
45e141a3d7e34f8e,SIN ACTUALIZAR,0,No
2a8a36c089cd1496,SIN ACTUALIZAR,0,No
5d8f70bd6845bb11,SIN ACTUALIZAR,0,No
8eaeced73616477f,SIN ACTUALIZAR,0,No
2f002333e3ee0780,SIN ACTUALIZAR,0,No
3d85bc081b5cbae4,SIN ACTUALIZAR,0,No
4887493a4c162023,SIN ACTUALIZAR,0,No
350b154fe2ab6eab,SIN ACTUALIZAR,0,No
f34112cac24733b1,SIN ACTUALIZAR,0,No
dcc0e3c61cf760b8,SIN ACTUALIZAR,0,No
5bf51d9d55704746,SIN ACTUALIZAR,0,No
420ae6e6934b0e97,SIN ACTUALIZAR,0,No
bc7fef2cefba2315,SIN ACTUALIZAR,0,No
753b3dfbf00b2658,SIN ACTUALIZAR,0,No
bc936a5c28b8adc0,SIN ACTUALIZAR,0,No
93a7aef5296e288f,SIN ACTUALIZAR,0,No
e0713eb98b9dada7,SIN ACTUALIZAR,0,No
c80ce14c95579487,SIN ACTUALIZAR,0,No
097f7a6103e61039,SIN ACTUALIZAR,0,No
5ff4e823a5cf78fc,SIN ACTUALIZAR,0,No
b7214630d2a3008f,SIN ACTUALIZAR,0,No
4082ac64b81101cb,SIN ACTUALIZAR,0,No
2a50ac545f30b022,SIN ACTUALIZAR,0,No
438f91a3a0208097,SIN ACTUALIZAR,0,No
ac1864880bb4bc57,SIN ACTUALIZAR,0,No
1fa47ac7759a6ce7,SIN ACTUALIZAR,0,No
690ef8482b21fa77,SIN ACTUALIZAR,0,No
78ef135cef6cb29d,SIN ACTUALIZAR,0,No
4b9d476385096c42,SIN ACTUALIZAR,0,No
0abe1b008e37697d,SIN ACTUALIZAR,0,No
8544b9f0f2609942,SIN ACTUALIZAR,0,No
3a160ea06e31f2ee,SIN ACTUALIZAR,0,No
f2b2d2b023f71e79,SIN ACTUALIZAR,0,No
e20c996edc342b0e,ACTIVA,0,No
4d34572db62871b8,SIN ACTUALIZAR,0,No
a5f6e28cca214fb6,SIN ACTUALIZAR,0,No
bd41cbdc04707f80,SIN ACTUALIZAR,0,No
2beac637f987eff7,SIN ACTUALIZAR,0,No
dfafe84b27c1097a,SIN ACTUALIZAR,0,No
5cf32f9151895f78,SIN ACTUALIZAR,0,No
4433080be68eabdd,SIN ACTUALIZAR,0,No
fd3422d11e9fdacf,SIN ACTUALIZAR,0,No
39c6aa59ad63e929,SIN ACTUALIZAR,0,No
bfed65e0ee3b3311,SIN ACTUALIZAR,0,No
10e19a731f11c881,SIN ACTUALIZAR,0,No
d6e1d9c927753981,SIN ACTUALIZAR,0,No
5a8bbd7a0887dfcf,SIN ACTUALIZAR,0,No
d46637522853433e,SIN ACTUALIZAR,0,No
5022dc0e73652dd8,SIN ACTUALIZAR,0,No
a5cbc7664ddb2af6,ACTIVA,0,No
a4961676983a10f9,ACTIVA,0,No
23d73ca299f02110,SIN ACTUALIZAR,0,No
bc62c7cd2cb19dae,ACTIVA,0,No
720652a25d4ab67f,SIN ACTUALIZAR,0,No
45c08529fc638c30,SIN ACTUALIZAR,0,No
896ba209d8b0c5cd,SIN ACTUALIZAR,0,No
5a703f620dbab029,SIN ACTUALIZAR,0,No
75de81c20d6f96af,ACTIVA,0,No
67685dc0e60063b5,SIN ACTUALIZAR,0,No
8c496c831c776415,ACTIVA,0,No
d24b87329bb09b44,SIN ACTUALIZAR,0,No
2fa8eba4e7286682,SIN ACTUALIZAR,0,No
15c5366a784c8d65,SIN ACTUALIZAR,0,No
164d9a5499b7224c,SIN ACTUALIZAR,0,No
434a7e656c53f103,SIN ACTUALIZAR,0,No
ecc2b198030289c0,SIN ACTUALIZAR,0,No
96e0ff6d90c994cd,ACTIVA,0,No
c92956e2fca1ca7e,SIN ACTUALIZAR,0,No
2ffb606aea8bd4ee,SIN ACTUALIZAR,0,No
53ce3faf6c77547b,SIN ACTUALIZAR,0,No
0a52e049d78e34d7,ACTIVA,0,No
0d38364f7e61ffa2,SIN ACTUALIZAR,0,No
07c8b5fb98feb87d,SIN ACTUALIZAR,0,No
7a6026fd215e0059,SIN ACTUALIZAR,0,No
a10a30e09a154b38,SIN ACTUALIZAR,0,No
1ec64cfe094fceca,ACTIVA,0,No
c8f2ba8a3b508849,ACTIVA,0,No
aeff5cdc8c731a2b,ACTIVA,0,No
15bca3cd2fcf5bb5,SIN ACTUALIZAR,0,No
2b3914caff931aa5,SIN ACTUALIZAR,0,No
d1d635ae1d95cf0b,SIN ACTUALIZAR,0,No
570df8c7a9f77bb2,SIN ACTUALIZAR,0,No
321ceeadc24ba2a8,SIN ACTUALIZAR,0,No
b2a86b80a5c45b99,SIN ACTUALIZAR,0,No
9c8737c4d7c6be32,ACTIVA,0,No
cef23c3f251969f7,SIN ACTUALIZAR,0,No
9d0ab0bd68f282cc,ACTIVA,0,No
58c40ee723a391df,SIN ACTUALIZAR,0,No
014604ba54339d4b,SIN ACTUALIZAR,0,No
be42cc28c4a3e567,ACTIVA,0,No
4e1fbe2dc68185ae,SIN ACTUALIZAR,0,No
24dcd2add1dae7e5,ACTIVA,0,No
db145ef46cfbbcea,SIN ACTUALIZAR,0,No
fee2e4d1d0422457,ACTIVA,0,No
aacfa383279c3315,SIN ACTUALIZAR,0,No
15e7a10091654106,SIN ACTUALIZAR,0,No
0c65552abe0d2731,SIN ACTUALIZAR,0,No
eefcecf5c7183df8,SIN ACTUALIZAR,0,No
ba58134acee1f86a,SIN ACTUALIZAR,0,No
f9a8ea52803b55fa,SIN ACTUALIZAR,0,No
91f4b01a80c26aa9,SIN ACTUALIZAR,0,No
86d73054aa9c80db,SIN ACTUALIZAR,0,No
4b8100007af44351,ACTIVA,0,No
5e8589d4cd67c4b8,ACTIVA,0,No
a2a91c8170dd7330,SIN ACTUALIZAR,0,No
d948777e9b3046b6,ACTIVA,0,No
c52b59b12025dcb5,SIN ACTUALIZAR,0,No
e4380b18857e2883,SIN ACTUALIZAR,0,No
8e3904b8617f7212,SIN ACTUALIZAR,0,No
9c81f5e84fd8cab5,ACTIVA,0,No
2b360584e436fdeb,SIN ACTUALIZAR,0,No
9374207ccca084d3,SIN ACTUALIZAR,0,No
d87811d4a1e9ba86,SIN ACTUALIZAR,0,No
59587cb1777499ba,ACTIVA,0,No
fbb2114bce553207,SIN ACTUALIZAR,0,No
d3ccb9a15400bf15,SIN ACTUALIZAR,0,No
a000fa4903a3a829,ACTIVA,0,No
fa5ac489c35fd30c,SIN ACTUALIZAR,0,No
9f5680435895863d,SIN ACTUALIZAR,0,No
c6de57718359fe73,SIN ACTUALIZAR,0,No
88004885e7946959,SIN ACTUALIZAR,0,No
c602660fc0ddd630,SIN ACTUALIZAR,0,No
775c788e8a2f5f57,SIN ACTUALIZAR,0,No
fa7805c1d46ef498,ACTIVA,0,No
783d2e787e073411,SIN ACTUALIZAR,0,No
4aec718f8185e90a,ACTIVA,0,No
79a7e9a5c619f277,SIN ACTUALIZAR,0,No
4f803c4f3466d829,SIN ACTUALIZAR,0,No
7e2e60dab3f28797,SIN ACTUALIZAR,0,No
f933272f6c291384,ACTIVA,0,No
535f7638ec9f39bc,SIN ACTUALIZAR,0,No
7018f9f84b61c580,ACTIVA,0,No
fe545219144abfb4,ACTIVA,0,No
98d77a2b714b28f7,SIN ACTUALIZAR,0,No
4a912bdcba7dd209,SIN ACTUALIZAR,0,No
6269c7359593be37,SIN ACTUALIZAR,0,No
3766d00ed8d84e16,SIN ACTUALIZAR,0,No
5e1cb95dea7fbacf,SIN ACTUALIZAR,0,No
82b059588a910629,ACTIVA,0,No
c59f877d38c2746e,SIN ACTUALIZAR,0,No
eeb5030ae54baa87,ACTIVA,0,No
7fd0d6ebafcd4ed5,SIN ACTUALIZAR,0,No
7761e772ca6b4e50,SIN ACTUALIZAR,0,No
cbf712f3775dc99e,SIN ACTUALIZAR,0,No
df031f63be36a016,SIN ACTUALIZAR,0,No
c5ad500f4c18ebcf,ACTIVA,0,No
f8572b0eeb4b0d8b,SIN ACTUALIZAR,0,No
d4f147644257b5ca,ACTIVA,0,No
fcdb9afc6a51a510,ACTIVA,0,No
3b41e2dba7af857f,SIN ACTUALIZAR,0,No
0d01a7c311c1d05e,ACTIVA,0,No
a26f78ccd4617b35,SIN ACTUALIZAR,0,No
9ce708a3da9fd007,SIN ACTUALIZAR,0,No
0af8b51269fa4368,SIN ACTUALIZAR,0,No
47dde1516da894b0,ACTIVA,0,No
e916fba72a9598b3,SIN ACTUALIZAR,0,No
a869ea31c850c70f,SIN ACTUALIZAR,0,No
8f84837cf04c1694,ACTIVA,0,No
9246a90fd1c97846,SIN ACTUALIZAR,0,No
e7fa6afdd79be0f8,SIN ACTUALIZAR,0,No
fb3bd08e5095f32a,SIN ACTUALIZAR,0,No
3a0ae6550722823d,SIN ACTUALIZAR,0,No
bedf5f3e00eaaa6f,SIN ACTUALIZAR,0,No
b055b31b77ed1e3d,ACTIVA,0,No
610f83808aa91a9d,ACTIVA,0,No
5b27359e3356a097,SIN ACTUALIZAR,0,No
18272a6ac2af95cc,SIN ACTUALIZAR,0,No
e9c3cc4fee78775e,ACTIVA,0,No
8c5314a129d6ab41,SIN ACTUALIZAR,0,No
009da2da42d6847e,ACTIVA,0,No
84e3b35ef1e03804,ACTIVA,0,No
2cf34035a386e961,ACTIVA,0,No
c26e75b81c1d99d9,SIN ACTUALIZAR,0,No
f0eed60c335b758b,ACTIVA,0,No
64416e791661d36a,SIN ACTUALIZAR,0,No
c6d0030cd91a4ea3,SIN ACTUALIZAR,0,No
0e9a9c59ee4e287b,SIN ACTUALIZAR,0,No
0584e63a8a4c5040,SIN ACTUALIZAR,0,No
8ff2cef1b3ae7035,SIN ACTUALIZAR,0,No
b3552f8d85c289f1,ACTIVA,0,No
cecf066fe0c95345,SIN ACTUALIZAR,0,No
e21e3cd278a0344c,ACTIVA,0,No
b7731522f16c8164,SIN ACTUALIZAR,0,No
10de91941eb1d1aa,ACTIVA,0,No
756ba9ea6b078e45,ACTIVA,0,No
5bbbd4fb66609540,SIN ACTUALIZAR,0,No
923bdafb4c15991a,SIN ACTUALIZAR,0,No
4f0039557c043e9b,SIN ACTUALIZAR,0,No
7ad8a66b9457f97a,ACTIVA,0,No
3c1ea4de7f16df86,SIN ACTUALIZAR,0,No
f39b8bde2d478e94,SIN ACTUALIZAR,0,No
f0bd9a2e4f1dea3a,SIN ACTUALIZAR,0,No
b14356d06f412119,SIN ACTUALIZAR,0,No
57711813a543dd50,SIN ACTUALIZAR,0,No
45e5be12c0acb964,SIN ACTUALIZAR,0,No
af476da99919db87,SIN ACTUALIZAR,0,No
913823f03384cda2,ACTIVA,0,Sí
2479f3b45f93a802,SIN ACTUALIZAR,0,No
75428dbbe7303aa3,SIN ACTUALIZAR,0,No
4c7b8d09c354991c,SIN ACTUALIZAR,0,No
67c1e692c9fd5952,SIN ACTUALIZAR,0,No
c45f121cf4f461d2,SIN ACTUALIZAR,0,No
9901efe13fe0ab90,SIN ACTUALIZAR,0,No
8765a797e5406e05,ACTIVA,0,No
717451a57d48b0ad,SIN ACTUALIZAR,0,No
10315349981ee127,SIN ACTUALIZAR,0,No
08ad08ba86214dc8,SIN ACTUALIZAR,0,No
d6df87434545bd91,SIN ACTUALIZAR,0,No
0e2f9175685f76df,SIN ACTUALIZAR,0,No
9458350d6e174b2c,ACTIVA,0,No
87f6d0004a9cc775,SIN ACTUALIZAR,0,No
9316bd5692410341,ACTIVA,0,No
e15a105aa892000f,SIN ACTUALIZAR,0,No
935e65542922f3d2,ACTIVA,0,No
421e134e544c8236,ACTIVA,0,No
6d2387621407b541,SIN ACTUALIZAR,0,No
2e9e09c0229cb5d0,SIN ACTUALIZAR,0,No
3790fbcd596095ce,ACTIVA,0,No
4ed93c3a994cded5,SIN ACTUALIZAR,0,No
d5a4cd2648cafa9f,SIN ACTUALIZAR,0,No
1d11b1a0f9f1e835,ACTIVA,0,No
cda759746e726bfd,ACTIVA,0,No
74148c2aabd42b30,ACTIVA,0,No
f2cca2219b88e29f,ACTIVA,0,No
c3254d1b6b1b299e,SIN ACTUALIZAR,0,No
79a71780b476637f,SIN ACTUALIZAR,0,No
578017a51f0e4862,SIN ACTUALIZAR,0,No
d0b0c7bb6c3704b1,SIN ACTUALIZAR,0,No
dcacdef7c85b3535,ACTIVA,0,No
bd62924d806bcefb,ACTIVA,0,No
5498e49b9d0d8e36,SIN ACTUALIZAR,0,No
7b182d73e4b28ce1,ACTIVA,0,No
305f7429498ccd9e,ACTIVA,0,No
2d1690d2847ac88d,SIN ACTUALIZAR,0,No
8a1ce52b5771d5a4,SIN ACTUALIZAR,0,No
50ffc96e612e5eb7,SIN ACTUALIZAR,0,No
20db6628648c4ad3,SIN ACTUALIZAR,0,No
1302e6b526abb543,SIN ACTUALIZAR,0,No
34bebf17d57f37dd,ACTIVA,0,No
75c0b281d3916e00,SIN ACTUALIZAR,0,No
b64d033c13efe830,SIN ACTUALIZAR,0,No
b55cd27597b9857a,ACTIVA,0,No
65a64083ef210036,ACTIVA,0,No
0483d9a72f3aeb73,SIN ACTUALIZAR,0,No
c520d3b7c1b33e65,SIN ACTUALIZAR,0,No
2d7cbe0752517ecb,ACTIVA,0,No
1fa9912d0c02b4b9,ACTIVA,0,No
68cb59e3b5d64aec,SIN ACTUALIZAR,0,No
58ee8678aed131a6,SIN ACTUALIZAR,0,No
e4140e1baa5eee40,SIN ACTUALIZAR,0,No
483151ac8df46efe,SIN ACTUALIZAR,0,No
60ead258d4710b50,SIN ACTUALIZAR,0,No
af91499369967225,SIN ACTUALIZAR,0,No
08eee2fc5f57462e,SIN ACTUALIZAR,0,No
6a8e7dc4b8805a7b,SIN ACTUALIZAR,0,No
a07d228b5015bbd1,SIN ACTUALIZAR,0,No
0c84d9704b637a10,SIN ACTUALIZAR,0,No
3b6a4a9b18b814ef,SIN ACTUALIZAR,0,No
c8c3195ee103d20f,SIN ACTUALIZAR,0,No
b1da972a51bd42b2,SIN ACTUALIZAR,0,No
487be47bf923913f,SIN ACTUALIZAR,0,No
659b3b192b50f9e9,SIN ACTUALIZAR,0,No
4b4ae3e06355717c,SIN ACTUALIZAR,0,No
f42ef395b50f9cca,SIN ACTUALIZAR,0,No
76f0209b610f5a8e,ACTIVA,0,No
93c48cb7fe78f618,ACTIVA,0,No
dd111d14a9edf4d8,SIN ACTUALIZAR,0,No
9851e850e7061d54,SIN ACTUALIZAR,0,No
c740a2816dd4dd19,SIN ACTUALIZAR,0,No
49c1f39336320264,SIN ACTUALIZAR,0,No
81d0a082e20c2647,SIN ACTUALIZAR,0,No
a659fffb258dab18,SIN ACTUALIZAR,0,No
f5e1c0aefbf4a7f2,SIN ACTUALIZAR,0,No
3bd05645de78db62,SIN ACTUALIZAR,0,No
3154228fd99256c3,SIN ACTUALIZAR,0,No
a5b37e36ffff4b70,ACTIVA,0,No
4b0776d99e38574f,SIN ACTUALIZAR,0,No
6118e2d867f51103,SIN ACTUALIZAR,0,No
2a9defad532fd74d,SIN ACTUALIZAR,0,No
994303330ee1d765,SIN ACTUALIZAR,0,No
bda15b803ac1b8dc,SIN ACTUALIZAR,0,No
e734459d8422c8db,SIN ACTUALIZAR,0,No
ffd663276aeb81a5,SIN ACTUALIZAR,0,No
d7b4f815e45c8a3b,SIN ACTUALIZAR,0,No
1ba74b68e110d962,SIN ACTUALIZAR,0,No
77f96608de11ae05,SIN ACTUALIZAR,0,No
735e378c69bdfb4f,SIN ACTUALIZAR,0,No
16dff97759c55857,SIN ACTUALIZAR,0,No
bc9cb70614a900fc,SIN ACTUALIZAR,0,No
89a84587546808b3,SIN ACTUALIZAR,0,No
574e91b318fe9600,SIN ACTUALIZAR,0,No
b85367f90dbc3c11,SIN ACTUALIZAR,0,No
b023c0d74aa50add,ACTIVA,0,No
ab17b6fed4f40f96,SIN ACTUALIZAR,0,No
5f437fa67a689069,SIN ACTUALIZAR,0,No
38fcbdcbc4560d34,SIN ACTUALIZAR,0,No
f9e5a02a2e7859f2,SIN ACTUALIZAR,0,No
15f7655c3a83b857,ACTIVA,0,No
e4096050bcc030fb,ACTIVA,0,No
40c9d55f4618cd23,ACTIVA,0,No
40ffd70aa6c8cea6,SIN ACTUALIZAR,0,No
4e0454fd6e222066,SIN ACTUALIZAR,0,No
9b95acaab3ec1ec0,SIN ACTUALIZAR,0,No
031378d8adc28c30,SIN ACTUALIZAR,0,No
81402e065bc55c1a,SIN ACTUALIZAR,0,No
dd22c0ecbc10f737,SIN ACTUALIZAR,0,No
5fab5bd05f98260a,SIN ACTUALIZAR,0,No
04ad0241274a117f,SIN ACTUALIZAR,0,No
23211076a49e8ac6,ACTIVA,0,No
7c29d63e49b7ab3d,SIN ACTUALIZAR,0,No
548c010264ca192d,SIN ACTUALIZAR,0,No
c5cc84181b98ced6,SIN ACTUALIZAR,0,No
8282fb0dc03218b9,SIN ACTUALIZAR,0,No
02680535f608ed5f,SIN ACTUALIZAR,0,No
2fe2141ac45cee3c,SIN ACTUALIZAR,0,No
c002dccac995f2bc,SIN ACTUALIZAR,0,No
5217d666606bf204,SIN ACTUALIZAR,0,No
f7a92fa162d79867,SIN ACTUALIZAR,0,No
8058d4b45aba27e0,SIN ACTUALIZAR,0,No
5f48696eaba4c783,SIN ACTUALIZAR,0,No
743078aec0ce60b7,ACTIVA,0,No
127512d99d89024b,SIN ACTUALIZAR,0,No
8b173290a436b079,SIN ACTUALIZAR,0,No
27ae30b15e1b103f,SIN ACTUALIZAR,0,No
3d2d181d21a5970e,SIN ACTUALIZAR,0,No
969344f0daebf90f,SIN ACTUALIZAR,0,No
8b76c173fd44375c,SIN ACTUALIZAR,0,No
cd891f83c38ea032,SIN ACTUALIZAR,0,No
ce93a790d9be757e,SIN ACTUALIZAR,0,No
8457c72b655880af,ACTIVA,0,Sí
1d2282fc5b426785,SIN ACTUALIZAR,0,No
7c2ce16ad74f0cdb,ACTIVA,0,No
51b4f65270d5e2e2,SIN ACTUALIZAR,0,No
cb174e47ac22d309,SIN ACTUALIZAR,0,No
0fa56d7c020cc7b7,SIN ACTUALIZAR,0,No
8d628acef0f39db9,ACTIVA,0,No
9db075a329708f34,SIN ACTUALIZAR,0,No
06ae80c3e00a1457,SIN ACTUALIZAR,0,No
9b6f2c454efb5ff1,SIN ACTUALIZAR,0,No
46a259e43b61d101,ACTIVA,0,No
4eecee48f13f8136,SIN ACTUALIZAR,0,No
40e0e5c35df49b1e,ACTIVA,0,No
b50de3521e5fc8e4,SIN ACTUALIZAR,0,No
b7e2977eebc0839f,SIN ACTUALIZAR,0,No
9671c25a850609d1,SIN ACTUALIZAR,0,No
79e12a1d6755bd6d,SIN ACTUALIZAR,0,No
c4af1ccb5cb4559b,SIN ACTUALIZAR,0,No
4589ad4845ccfbc0,ACTIVA,0,No
0ec7e658db150aec,SIN ACTUALIZAR,0,No
d13134377c4e222e,ACTIVA,0,No
981daf8e8b09604c,ACTIVA,0,No
181c30ceda07ad4e,SIN ACTUALIZAR,0,No
2926b0a47dfea0a2,SIN ACTUALIZAR,0,No
376f98abb043a1e4,SIN ACTUALIZAR,0,No
1a9e894be2e23bd6,SIN ACTUALIZAR,0,No
6eb651d40bd23929,ACTIVA,0,No
408c6c632991cb6b,SIN ACTUALIZAR,0,No
a94391a0c5c09121,SIN ACTUALIZAR,0,No
d7eb08c57bf1688e,SIN ACTUALIZAR,0,No
1bbffa45ae7ca6f9,SIN ACTUALIZAR,0,No
0ad1829ac2107472,SIN ACTUALIZAR,0,No
06e979e77e7eed1a,SIN ACTUALIZAR,0,No
88034ce6bc55231a,ACTIVA,0,No
0d32b53aed23453f,SIN ACTUALIZAR,0,No
a1e2f594d2129e6c,SIN ACTUALIZAR,0,No
2e9e672608c87391,SIN ACTUALIZAR,0,No
a77512227fad3750,SIN ACTUALIZAR,0,No
a21cefec25404279,SIN ACTUALIZAR,0,No
8547a1013e5a4329,SIN ACTUALIZAR,0,No
85ecba5d030ca840,SIN ACTUALIZAR,0,No
b3884138875a4fff,SIN ACTUALIZAR,0,No
8f95ac786daec5dc,ACTIVA,0,No
2535827e958b3950,SIN ACTUALIZAR,0,No
7455c004aca038fe,SIN ACTUALIZAR,0,No
32acdb09a2204f52,SIN ACTUALIZAR,0,No
3eede367ef5469df,ACTIVA,0,No
0c01511279be77c8,SIN ACTUALIZAR,0,No
00901dd4fa045c64,SIN ACTUALIZAR,0,No
3476cf59c310e8bc,SIN ACTUALIZAR,0,No
b2638609092076c8,SIN ACTUALIZAR,0,No
0a47afb8d5aecfa8,SIN ACTUALIZAR,0,No
b7df413bb73cd61b,SIN ACTUALIZAR,0,No
db4c49f822468272,SIN ACTUALIZAR,0,No
a58923586014cc08,ACTIVA,0,No
876b1328ad4b44df,SIN ACTUALIZAR,0,No
299568092abeca33,SIN ACTUALIZAR,0,No
a752a3a1701d494f,SIN ACTUALIZAR,0,No
50750ee66f27656c,SIN ACTUALIZAR,0,No
16c38a1e56b37da8,SIN ACTUALIZAR,0,No
d91a8cf7bec0382e,SIN ACTUALIZAR,0,No
0f3a92fd742f4fa4,SIN ACTUALIZAR,0,No
dc5dc77851b08e0b,SIN ACTUALIZAR,0,No
e91f39a5526a29c8,SIN ACTUALIZAR,0,No
3194c793bf43225e,SIN ACTUALIZAR,0,No
e4da627ac0613c7b,SIN ACTUALIZAR,0,No
16b2de0eb3bafc3b,ACTIVA,0,No
c2a7ebab5927185d,SIN ACTUALIZAR,0,No
e16d12cd21f38bc8,SIN ACTUALIZAR,0,No
afc13a0307621ce1,SIN ACTUALIZAR,0,No
cec971a0fa216b4f,SIN ACTUALIZAR,0,No
f97dc9594fc3b90a,SIN ACTUALIZAR,0,No
ce573a72f4e735e2,SIN ACTUALIZAR,0,No
caf71d5527181d31,SIN ACTUALIZAR,0,No
a8197cdfff90255b,SIN ACTUALIZAR,0,No
920bb86da524229f,SIN ACTUALIZAR,0,No
e2efda38b45966d4,SIN ACTUALIZAR,0,No
658fa56dd47d96fb,SIN ACTUALIZAR,0,No
b76064348c4436be,SIN ACTUALIZAR,0,No
6d21361cf8735de1,SIN ACTUALIZAR,0,No
fcc85cb2015b4b0b,SIN ACTUALIZAR,0,No
d20020becdd949d8,SIN ACTUALIZAR,0,No
c6d5149c041f005c,SIN ACTUALIZAR,0,No
8074218107b19d89,SIN ACTUALIZAR,0,No
d12f874987021cd3,SIN ACTUALIZAR,0,No
74935b1c923ff63e,SIN ACTUALIZAR,0,No
fdc5b4c006462c4a,SIN ACTUALIZAR,0,No
ad4c680ca276f35c,SIN ACTUALIZAR,0,No
f5f66c853f3f2e4f,SIN ACTUALIZAR,0,No
31b1db585eb1fb5e,SIN ACTUALIZAR,0,No
fad218dcf8a22c00,ACTIVA,0,No
bf974fd69ea264d0,SIN ACTUALIZAR,0,No
97679376cff0954c,SIN ACTUALIZAR,0,No
0290f930b05064fe,SIN ACTUALIZAR,0,No
a13e719da933074f,ACTIVA,0,No
f4f0e508a0898041,SIN ACTUALIZAR,0,No
3e7e02c07259ff0f,SIN ACTUALIZAR,0,No
ac8b18a410e41353,SIN ACTUALIZAR,0,No
70c9c6aca719a52d,SIN ACTUALIZAR,0,No
be4404b68e21d724,SIN ACTUALIZAR,0,No
bf83dab11011323d,SIN ACTUALIZAR,0,No
69b6163e9d0e3f2c,SIN ACTUALIZAR,0,No
baa799b97300a42f,SIN ACTUALIZAR,0,No
eb0a1b533c11531f,SIN ACTUALIZAR,0,No
173a939164c0302e,SIN ACTUALIZAR,0,No
b86a47eaf9d2b0cf,SIN ACTUALIZAR,0,No
4e96d60a4e1c14e1,SIN ACTUALIZAR,0,No
2d92389f7d2c9dab,SIN ACTUALIZAR,0,No
00f6a802ea20972b,SIN ACTUALIZAR,0,No
aa718b48ddf0abe3,SIN ACTUALIZAR,0,No
5144452d57161b05,SIN ACTUALIZAR,0,No
1c91beb746caac7d,SIN ACTUALIZAR,0,No
dc79c4255cee0784,SIN ACTUALIZAR,0,No
f25bfe487edf636e,SIN ACTUALIZAR,0,No
e577776ce4c24455,SIN ACTUALIZAR,0,No
20819e9c850a1d25,SIN ACTUALIZAR,0,No
cd481914f49a6114,SIN ACTUALIZAR,0,No
7789b6079e0bd5a1,SIN ACTUALIZAR,0,No
be160df1c15637d1,SIN ACTUALIZAR,0,No
8042a3b82f91957d,SIN ACTUALIZAR,0,Sí
4effa7119626c2f9,SIN ACTUALIZAR,0,No
54095636aa739614,SIN ACTUALIZAR,0,No
a9c6ea1a0315e436,SIN ACTUALIZAR,0,No
54d9f048788c3b4d,SIN ACTUALIZAR,0,No
2b0cff2dd5c3d573,SIN ACTUALIZAR,0,No
67baac702b1da625,SIN ACTUALIZAR,0,No
a5df2f833329cb22,SIN ACTUALIZAR,0,No
2e8df2a59e9a6c68,SIN ACTUALIZAR,0,No
887b888aa1272f31,SIN ACTUALIZAR,0,No
2d4989065edafc12,SIN ACTUALIZAR,0,No
6325b181f9aeae6e,SIN ACTUALIZAR,0,No
783b00bbf231c936,SIN ACTUALIZAR,0,No
5d52bce12bf3827b,SIN ACTUALIZAR,0,No
32c66e3b4c518a4a,SIN ACTUALIZAR,0,No
3f7eddac2fdd0442,SIN ACTUALIZAR,0,No
091ccaccd0d9ba3d,SIN ACTUALIZAR,0,No
a675233e3b430733,SIN ACTUALIZAR,0,No
7a982625e08298fe,SIN ACTUALIZAR,0,No
67145bd45886b9e9,SIN ACTUALIZAR,0,No
6a09652e10c5f49b,SIN ACTUALIZAR,0,No
98569de64853385d,SIN ACTUALIZAR,0,No
0b31c0155c83c5fd,SIN ACTUALIZAR,0,No
b7ca172e79925803,SIN ACTUALIZAR,0,No
617d3efa8dff3c36,SIN ACTUALIZAR,0,No
372fee4461ea25ba,SIN ACTUALIZAR,0,No
24078fbb5c139f27,SIN ACTUALIZAR,0,No
d87a116e2c79a4c6,SIN ACTUALIZAR,0,No
47b69f1f55425e49,SIN ACTUALIZAR,0,No
803f397091bcafef,SIN ACTUALIZAR,0,No
dc609e17f488a7a3,SIN ACTUALIZAR,0,No
a54215fbc3e44075,ACTIVA,0,No
6133041b3ad329b3,SIN ACTUALIZAR,0,No
cef02ac48efdbdde,SIN ACTUALIZAR,0,No
0b7da8c152fa341e,SIN ACTUALIZAR,0,No
4c4088fe4cfe2548,SIN ACTUALIZAR,0,No
55b7c884afc45126,SIN ACTUALIZAR,0,No
f7186a3986d33100,ACTIVA,0,No
70106dbd176d963a,SIN ACTUALIZAR,0,No
0219e0f2a7e9c524,SIN ACTUALIZAR,0,No
8f19d2e6436096c8,SIN ACTUALIZAR,0,No
d2f321eb2fd73f0d,SIN ACTUALIZAR,0,No
38752ed2e711a3c0,SIN ACTUALIZAR,0,No
9c7c5ed6d9776daa,SIN ACTUALIZAR,0,No
6c981dff6ae6cb59,SIN ACTUALIZAR,0,No
9e706d2716640a6d,SIN ACTUALIZAR,0,No
656e5828d4a04170,SIN ACTUALIZAR,0,No
8dfa58f6fc819b6c,SIN ACTUALIZAR,0,No
4dbdf4e77fbdbf79,SIN ACTUALIZAR,0,No
3bbc4345a69f678c,SIN ACTUALIZAR,0,No
e7a1bda6296d8891,SIN ACTUALIZAR,0,No
861fed2dae37e520,SIN ACTUALIZAR,0,No
65fda54b1b4e73a4,SIN ACTUALIZAR,0,No
b5bbe24d25735139,SIN ACTUALIZAR,0,No
43f1af9a16ebfc06,SIN ACTUALIZAR,0,No
20cdb67637438353,SIN ACTUALIZAR,0,No
d96cb37c3ac3189e,SIN ACTUALIZAR,0,No
c664c7aa98a56fe6,SIN ACTUALIZAR,0,No
115cdbde8d595a04,SIN ACTUALIZAR,0,No
844e6f26b1dace55,SIN ACTUALIZAR,0,No
1e2f2c186699589a,SIN ACTUALIZAR,0,No
a31433dbeb7baaf5,SIN ACTUALIZAR,0,No
0652201f81fb5b94,SIN ACTUALIZAR,0,No
f5ee64472971b98a,SIN ACTUALIZAR,0,No
ea51861d4b21fba2,SIN ACTUALIZAR,0,No
e632a49ea0afe881,SIN ACTUALIZAR,0,No
cb846b7c9607a65b,SIN ACTUALIZAR,0,No
c1e928d12a40ae14,SIN ACTUALIZAR,0,No
9fdf4955eb3e5fe5,SIN ACTUALIZAR,0,No
2e0cd7d6759a4087,SIN ACTUALIZAR,0,No
850d7831ec578e59,SIN ACTUALIZAR,0,No
2578149eaa520656,SIN ACTUALIZAR,0,No
dd56dacf9e1a1582,SIN ACTUALIZAR,0,No
bc4f1ebae15332fd,SIN ACTUALIZAR,0,No
4d7bfc4894c420fd,SIN ACTUALIZAR,0,No
2d87ddac480ead3a,SIN ACTUALIZAR,0,No
9fdc4bd9b7632a66,SIN ACTUALIZAR,0,No
1ebcb7fc822317c3,SIN ACTUALIZAR,0,No
bbed0221524335a8,SIN ACTUALIZAR,0,No
0734d74897a82ea4,SIN ACTUALIZAR,0,No
86284fc674fc5d6b,SIN ACTUALIZAR,0,No
2ac1ce8a09f8d4ea,SIN ACTUALIZAR,0,No
01c15b9c0e36fe34,SIN ACTUALIZAR,0,No
ececaa251f8ec664,SIN ACTUALIZAR,0,No
92a36d7ffe3dd71a,SIN ACTUALIZAR,0,No
75ff89966e7d3603,SIN ACTUALIZAR,0,No
c59f287340393864,SIN ACTUALIZAR,0,No
7d2e4e9a6f59692a,SIN ACTUALIZAR,0,No
e117417813222003,SIN ACTUALIZAR,0,No
0615b89dbf44e80c,SIN ACTUALIZAR,0,No
d04832dce46603f4,SIN ACTUALIZAR,0,No
b7604fc94211412c,SIN ACTUALIZAR,0,No
5c151015982207a4,SIN ACTUALIZAR,0,No
2f9897d94bb551fe,SIN ACTUALIZAR,0,No
ecc16e5a1ae6ebb3,SIN ACTUALIZAR,0,No
4c966da1635c0bbf,SIN ACTUALIZAR,0,No
75854589cd395565,SIN ACTUALIZAR,0,No
c84cfd7e6763a4ad,SIN ACTUALIZAR,0,No
a0224ab68a7d8635,SIN ACTUALIZAR,0,No
8370814a786607c9,SIN ACTUALIZAR,0,No
4795e984b650a142,SIN ACTUALIZAR,0,No
1d643a30a7c54784,SIN ACTUALIZAR,0,No
b7b4bcd04850c92a,SIN ACTUALIZAR,0,No
01e876c46dc24b22,SIN ACTUALIZAR,0,No
b388c734d9566a1c,SIN ACTUALIZAR,0,No
68fa1c15e5d71422,SIN ACTUALIZAR,0,No
3c61080e8f57c700,ACTIVA,0,No
90f9fde3c3aa72ef,SIN ACTUALIZAR,0,No
7d6f82428d78fb02,SIN ACTUALIZAR,0,No
5a0abe2b91a49e0d,SIN ACTUALIZAR,0,No
11b59823b8b634e2,SIN ACTUALIZAR,0,No
5d5127d775be6d93,SIN ACTUALIZAR,0,No
dace94e363fc5e24,SIN ACTUALIZAR,0,No
56d5129ab236ab40,SIN ACTUALIZAR,0,No
b4e59288da371adb,SIN ACTUALIZAR,0,No
9560d02680fc069a,SIN ACTUALIZAR,0,No
445fe50910df8a52,SIN ACTUALIZAR,0,No
1f2fd8b02fae63f3,SIN ACTUALIZAR,0,No
3e8cbfb0feb06216,SIN ACTUALIZAR,0,No
0f90b7f6db14bac8,SIN ACTUALIZAR,0,No
8fb065d480ec2bce,SIN ACTUALIZAR,0,No
80d28d16089d9c20,SIN ACTUALIZAR,0,No
8b20138528b32229,SIN ACTUALIZAR,0,No
6314a64ce3edecb4,SIN ACTUALIZAR,0,No
7ed813b8025d29e9,SIN ACTUALIZAR,0,No
ec990f4f5504b3f0,SIN ACTUALIZAR,0,No
ee235b0dbb28d0ae,SIN ACTUALIZAR,0,No
01d4d3e5f17ac15c,SIN ACTUALIZAR,0,No
43bcc769935ad5d8,SIN ACTUALIZAR,0,No
26c469cdbc3d2f9d,SIN ACTUALIZAR,0,No
858fd4afb41e7bda,SIN ACTUALIZAR,0,No
14c06873c7264ffc,SIN ACTUALIZAR,0,No
90f6e4187ef98052,SIN ACTUALIZAR,0,No
0cd479b6a17dda01,SIN ACTUALIZAR,0,No
43108f3518db076f,SIN ACTUALIZAR,0,No
da34a9d3df58595c,SIN ACTUALIZAR,0,No
71eefc108f96f872,SIN ACTUALIZAR,0,No
6ac60dffed56fec1,SIN ACTUALIZAR,0,No
b16b1535f86e8317,SIN ACTUALIZAR,0,No
b6e79e01ad4e51d2,SIN ACTUALIZAR,0,No
60e0e83320246ed7,SIN ACTUALIZAR,0,No
df365c57cb79ab86,SIN ACTUALIZAR,0,No
594a65c79bb26b5e,SIN ACTUALIZAR,0,No
c4178658755dd97a,SIN ACTUALIZAR,0,No
fe2f5a474331ccba,SIN ACTUALIZAR,0,No
004f8ccbd097cb61,SIN ACTUALIZAR,0,No
64ff8ca44146677a,SIN ACTUALIZAR,0,No
d46f96cf8889e77c,SIN ACTUALIZAR,0,No
1fc558a2c737b832,SIN ACTUALIZAR,0,No
b9016deff160e100,SIN ACTUALIZAR,0,No
18a31de541446cce,SIN ACTUALIZAR,0,No
bd190fd3a04d5fb3,SIN ACTUALIZAR,0,No
9c588e0fd306a101,SIN ACTUALIZAR,0,No
0dae4c3bd858ad38,SIN ACTUALIZAR,0,No
6238d90de5abb1fb,ACTIVA,0,No
47c5b4388d82c7b9,ACTIVA,0,No
c88eb525a34a9c85,SIN ACTUALIZAR,0,No
50c18d9c3dcc4994,ACTIVA,0,No
88423141893ad223,SIN ACTUALIZAR,0,No
dc2d7ee1d8f8d407,ACTIVA,0,No
55e963fe467f838b,SIN ACTUALIZAR,0,No
58948a8a95b99827,ACTIVA,0,No
d86f1277fa017b82,SIN ACTUALIZAR,0,No
8f57b5eff5b6c4d9,SIN ACTUALIZAR,0,No
2c4b0945770cec7e,SIN ACTUALIZAR,0,No
792e62a4ce06f927,SIN ACTUALIZAR,0,No
eb5903f088a952cc,SIN ACTUALIZAR,0,No
97557dbc94cf32ee,ACTIVA,0,No
247b30ee7bcca52b,SIN ACTUALIZAR,0,No
b6235776fba833a7,ACTIVA,0,No
684cc009d5d15d19,ACTIVA,0,No
a73822c40544527c,SIN ACTUALIZAR,0,No
ee9800196cd36a75,ACTIVA,0,No
7379967d2f64a6b9,ACTIVA,0,No
051223882b01b234,SIN ACTUALIZAR,0,No
be7e88079dbfcddd,SIN ACTUALIZAR,0,No
b80ffc2b19e02826,SIN ACTUALIZAR,0,No
f11f5266dd66610e,SIN ACTUALIZAR,0,No
3efe00cf76d5ec30,ACTIVA,0,No
0a98f03f6ec1deee,SIN ACTUALIZAR,0,No
54f2d88f6118718f,ACTIVA,0,No
9c403a42fca115ca,ACTIVA,0,No
a6b3acfab5d83e81,ACTIVA,0,No
17c3d5e29e66540e,ACTIVA,0,No
ba064e4fcc03cbfe,SIN ACTUALIZAR,0,No
bb3637892b79598b,ACTIVA,0,No
01bca6d4a9e88b59,ACTIVA,0,No
c971d6653750daea,ACTIVA,0,No
8f46dd945a65cd01,ACTIVA,0,No
aca3b78a15680fe3,SIN ACTUALIZAR,0,No
fd6bd9e32246ac88,ACTIVA,0,No
7b06d8d3ca2f3392,ACTIVA,0,No
cc9389d8cce183f6,SIN ACTUALIZAR,0,No
1df90634fd0a4033,ACTIVA,0,No
1c10b524478a1df3,SIN ACTUALIZAR,0,No
3748b727959d05c9,ACTIVA,0,No
d88a5f27417711f7,SIN ACTUALIZAR,0,No
62d9bc5404f06d56,SIN ACTUALIZAR,0,No
6e7786b3b9a85264,SIN ACTUALIZAR,0,No
9ee49fd9af91a7bf,SIN ACTUALIZAR,0,No
0d932682431e8848,SIN ACTUALIZAR,0,No
c997e1818603413e,ACTIVA,0,No
673a94d2fb58f3a0,ACTIVA,0,No
3a54d2be2febc8f0,ACTIVA,0,No
850983eab688ee51,ACTIVA,0,No
efd4a6a1a2f9db84,ACTIVA,0,No
53b239c524740e64,ACTIVA,0,No
ad9619ea7f7beed2,SIN ACTUALIZAR,0,No
cf6685400b754eae,SIN ACTUALIZAR,0,No
2ece4bc0dd01df50,ACTIVA,0,No
2aecde7abd66f828,ACTIVA,0,No
390cd39b7a6a6832,SIN ACTUALIZAR,0,No
c7a49b9fedfa779a,ACTIVA,0,No
c829beac22c6cebf,SIN ACTUALIZAR,0,No
b44b8e4db63b1228,ACTIVA,0,No
ecf5e45f3b8ccaaf,ACTIVA,0,No
f99668e4d7a85641,ACTIVA,0,No
b218cafed44ec55f,SIN ACTUALIZAR,0,No
069f9f794b2b6e2d,SIN ACTUALIZAR,0,No
998d1538711c532c,SIN ACTUALIZAR,0,No
d4c662df36dc5668,SIN ACTUALIZAR,0,No
5409dab8489f678e,SIN ACTUALIZAR,0,No
e02c909796cf3b67,ACTIVA,0,Sí
398ee63db49a57f8,ACTIVA,0,No
e4b17c02b3c4c178,ACTIVA,0,No
9523f8069d6af835,ACTIVA,0,No
7a6bc8eb409a8b8f,SIN ACTUALIZAR,0,No
2d7fd6564e242adf,ACTIVA,0,No
f45a65af87c0df52,ACTIVA,0,No
e9aad690583f8668,SIN ACTUALIZAR,0,No
c90e2b3ba2fcbe46,ACTIVA,0,No
0a2079ba8f1a4910,SIN ACTUALIZAR,0,No
c490b9acdfe73af7,SIN ACTUALIZAR,0,No
d118a4c376b78bc0,SIN ACTUALIZAR,0,No
7a26e38437503394,SIN ACTUALIZAR,0,No
ab72df331d4e62c2,ACTIVA,0,No
d6196d85e1bbeac8,ACTIVA,0,No
5e097e52a09ae93a,ACTIVA,0,No
2f3f3fff535e39ee,SIN ACTUALIZAR,0,No
172a77e8e2202c02,ACTIVA,0,No
d5088bd2ab705ac8,SIN ACTUALIZAR,0,No
ed7893b540e5d9bd,SIN ACTUALIZAR,0,No
9a4d91e4ad5dcbaf,ACTIVA,0,No
54c7578b84457062,SIN ACTUALIZAR,0,No
28c7d2ef7f39d501,ACTIVA,0,No
1742870e3be384ab,SIN ACTUALIZAR,0,No
7c9803a6ee7ab178,SIN ACTUALIZAR,0,No
3aa75aa83ed34729,ACTIVA,0,No
7e94afd98d4b48ab,SIN ACTUALIZAR,0,No
c7b4d627edb24cdd,SIN ACTUALIZAR,0,No
ec8f018ee173d0d7,ACTIVA,0,No
3b4fe0f0182e15c3,SIN ACTUALIZAR,0,No
4d882d31c3182920,ACTIVA,0,No
acbd1425ffd5304f,ACTIVA,0,No
727f1cf0f2254148,SIN ACTUALIZAR,0,No
887d4a13679fb9b6,SIN ACTUALIZAR,0,No
dcb581b502342bcb,SIN ACTUALIZAR,0,No
bda7570171c77105,ACTIVA,0,No
6829b6317969d76f,ACTIVA,0,No
8fc05948b0f67859,SIN ACTUALIZAR,0,No
ededac5db280586f,SIN ACTUALIZAR,0,No
8b46c19aaab2b7d9,SIN ACTUALIZAR,0,No
8bdc86f09b977da4,SIN ACTUALIZAR,0,No
76ba9f53178f2e5f,SIN ACTUALIZAR,0,No
a172391da3195850,ACTIVA,0,No
da76b83cdaaf4228,SIN ACTUALIZAR,0,No
624676d8a5a3a35c,SIN ACTUALIZAR,0,No
a69bab3a432f8be4,ACTIVA,0,No
f16bf54f1185d6c8,SIN ACTUALIZAR,0,No
77010346aa4676fa,SIN ACTUALIZAR,0,No
37ce2af9ef52cc6f,SIN ACTUALIZAR,0,No
3eb87768f1015b66,ACTIVA,0,No
90241eeaa3695b0b,SIN ACTUALIZAR,0,No
62cef55ac1779b6e,ACTIVA,0,No
d028ea59535c9cff,SIN ACTUALIZAR,0,No
159950e1ba2a5cb9,SIN ACTUALIZAR,0,No
8c217c187c8728c8,ACTIVA,0,No
77a8197f477be9ba,SIN ACTUALIZAR,0,No
361f035d290095c6,SIN ACTUALIZAR,0,No
f251f45f8a9b42d1,ACTIVA,0,No
5d5b5778d219e67b,SIN ACTUALIZAR,0,No
c04943e146ab8c60,SIN ACTUALIZAR,0,No
e9af3c241353a7bc,SIN ACTUALIZAR,0,No
cafee18cc8db0efe,SIN ACTUALIZAR,0,No
59d18298af87f3ea,SIN ACTUALIZAR,0,No
08fa33deef194452,SIN ACTUALIZAR,0,No
cbbd5d648f3c9b51,ACTIVA,0,No
d74bb702fd667d20,SIN ACTUALIZAR,0,No
85b0c3c15f26d510,ACTIVA,0,No
ea3089bbba0c99d2,SIN ACTUALIZAR,0,No
9ba5a3816d40f998,ACTIVA,0,No
0ed08d1ebdba2a02,SIN ACTUALIZAR,0,No
05133844bff497e3,ACTIVA,0,No
9cb004d37c8032c9,SIN ACTUALIZAR,0,No
8a9c6bc77ba2a136,ACTIVA,0,No
5cdaba6d95acd097,ACTIVA,0,No
b5d9a65a7e0a9305,ACTIVA,0,No
4024671256508202,SIN ACTUALIZAR,0,No
34a71df0b38349c2,SIN ACTUALIZAR,0,No
5387fee20318ecef,SIN ACTUALIZAR,0,No
44c53e292f0193ed,SIN ACTUALIZAR,0,No
47ab53ad589a9a5d,SIN ACTUALIZAR,0,No
eb341ab92fc93317,SIN ACTUALIZAR,0,No
a474dfda261c21f1,ACTIVA,0,No
dc89346c162a7678,SIN ACTUALIZAR,0,No
c4e2e8142932ea80,SIN ACTUALIZAR,0,No
c59be4c73fb4e858,SIN ACTUALIZAR,0,No
b9cb8d651c2fad32,ACTIVA,0,No
f48715fb79b4bc69,ACTIVA,0,No
37ed5b02ceff54f2,ACTIVA,0,No
22eb821b3f7d2887,SIN ACTUALIZAR,0,No
7b9f861ce137e7b4,ACTIVA,0,No
8762dc6103a748b8,ACTIVA,0,No
ee78be242093b4f5,ACTIVA,0,No
d5fd704025f98437,SIN ACTUALIZAR,0,No
ddec976b1b501816,ACTIVA,0,No
491f9c4f4862f883,SIN ACTUALIZAR,0,No
21a1cc5b4a60fd75,SIN ACTUALIZAR,0,No
d23041bc95b77509,SIN ACTUALIZAR,0,No
36ff14a25d01632b,ACTIVA,0,No
bfd67444fdee5889,SIN ACTUALIZAR,0,No
dc00d177ac12de60,SIN ACTUALIZAR,0,No
cd1c625b8cbbcfb1,ACTIVA,0,No
be55214eb39dda07,SIN ACTUALIZAR,0,No
4749d6a48f162e3c,SIN ACTUALIZAR,0,No
c58862c2549ed1e8,ACTIVA,0,No
a847b5d421f62aa0,SIN ACTUALIZAR,0,No
a18a5658e65c1e0e,ACTIVA,0,No
8e5c10beff2951ba,ACTIVA,0,No
7cd9d5246ef763c5,SIN ACTUALIZAR,0,No
d2914ed4bde3821c,ACTIVA,0,No
a37be5b46b159bfc,SIN ACTUALIZAR,0,No
f5085ee429bf1ce2,SIN ACTUALIZAR,0,No
14968d4315738f5e,SIN ACTUALIZAR,0,No
ff7f8572e86db0f8,SIN ACTUALIZAR,0,No
1e8cbe71a4a0c971,ACTIVA,0,No
31286fd65a373a3b,ACTIVA,0,No
badfdf9af263c0be,ACTIVA,0,No
09efec19659dbf1e,ACTIVA,0,No
b2ed00151b94d968,SIN ACTUALIZAR,0,No
65e7f059598dd816,SIN ACTUALIZAR,0,No
ec5dbd55677bf128,ACTIVA,0,No
64522b9d0fe340d3,SIN ACTUALIZAR,0,No
fe6bac88699c18c8,SIN ACTUALIZAR,0,No
d1ca163b7edc9fc4,ACTIVA,0,No
b43d0b734649ea27,SIN ACTUALIZAR,0,No
3b0103c7cff5859c,SIN ACTUALIZAR,0,No
777e00f15b5b3bea,SIN ACTUALIZAR,0,No
26fab3e831436198,SIN ACTUALIZAR,0,No
141c292c5438f758,SIN ACTUALIZAR,0,No
2f81a3ea330ff833,SIN ACTUALIZAR,0,No
3355df92a73de16b,SIN ACTUALIZAR,0,No
7544a91be0d5dc37,ACTIVA,0,No
7aa074c6312c4097,SIN ACTUALIZAR,0,No
cb7395c271a8909d,SIN ACTUALIZAR,0,No
9eb6533f0a95e3ee,SIN ACTUALIZAR,0,No
7c7286b486be8f8e,ACTIVA,0,No
f045e6249c474f2d,SIN ACTUALIZAR,0,No
a7daa7ae8bf2cb85,SIN ACTUALIZAR,0,No
82aeac5944b8da66,SIN ACTUALIZAR,0,No
2ccd27d832f66c23,SIN ACTUALIZAR,0,No
4b2d8bf92b864322,SIN ACTUALIZAR,0,No
2d8169b99b738665,SIN ACTUALIZAR,0,No
ad270a27d05f5ba7,SIN ACTUALIZAR,0,No
2532cc82d592cea3,SIN ACTUALIZAR,0,No
02bd6aa8d5d68000,SIN ACTUALIZAR,0,No
d74d7ffdb59bf50e,SIN ACTUALIZAR,0,No
6afc7d77f3a96988,ACTIVA,0,No
57ec442c8c29f058,SIN ACTUALIZAR,0,No
b6fca0cd22b2f02f,ACTIVA,0,No
228b250c2a6cc7bd,ACTIVA,0,No
2bba1605a1f929f4,ACTIVA,0,No
ab45cc05c9adaa22,SIN ACTUALIZAR,0,No
c886243a6b8d3bbc,SIN ACTUALIZAR,0,No
519a16f771998ee8,SIN ACTUALIZAR,0,No
97bc30958636d678,SIN ACTUALIZAR,0,No
b1dc050b0e5d0967,SIN ACTUALIZAR,0,No
748442f7dedd7560,SIN ACTUALIZAR,0,No
59d8319d3032484b,SIN ACTUALIZAR,0,No
588752e836ca39fd,ACTIVA,0,No
5668391be87bb95a,SIN ACTUALIZAR,0,No
c11ae56ee0ed3ecc,SIN ACTUALIZAR,0,No
c252a980302ffb82,SIN ACTUALIZAR,0,No
ce54dd8cb746a88c,SIN ACTUALIZAR,0,No
0589513b0b73170c,SIN ACTUALIZAR,0,No
402ec783abe58276,SIN ACTUALIZAR,0,No
0041db71961e523e,SIN ACTUALIZAR,0,No
ce6e7bfcf452b83b,SIN ACTUALIZAR,0,No
b11698edfb29f364,SIN ACTUALIZAR,0,No
1b9a3221167689c7,SIN ACTUALIZAR,0,No
77ae42004b522218,ACTIVA,0,No
2b63acf994ce5624,SIN ACTUALIZAR,0,No
649a9140afe8bd45,SIN ACTUALIZAR,0,No
22895b0d903830fb,SIN ACTUALIZAR,0,No
e726b9fb31e4288f,SIN ACTUALIZAR,0,No
5161710d856b7f62,ACTIVA,0,No
d2e3eeb2042a544a,SIN ACTUALIZAR,0,No
a4e2f68a49ee1b05,SIN ACTUALIZAR,0,No
ca401cddfa207a19,SIN ACTUALIZAR,0,No
1cf870e298128ac4,ACTIVA,0,No
a4faa4479b801cc5,SIN ACTUALIZAR,0,No
c6a27b839bd59f37,SIN ACTUALIZAR,0,No
e5046b612301590e,SIN ACTUALIZAR,0,No
79554ea70b060289,SIN ACTUALIZAR,0,No
dd425371d2b19dbb,ACTIVA,0,No
86b890f3e09c9f3e,SIN ACTUALIZAR,0,No
4a5cb793315b2703,ACTIVA,0,No
b5751dd58cb9be1c,SIN ACTUALIZAR,0,No
ca2161a802568e7e,SIN ACTUALIZAR,0,No
3166bfbd51d01c91,SIN ACTUALIZAR,0,No
f81bea8299b9e309,SIN ACTUALIZAR,0,No
f397b8493e9c6455,ACTIVA,0,No
ea6f4d54661ba816,ACTIVA,0,No
a34b2f38e9fe3807,ACTIVA,0,No
8112fa24ea09c53f,SIN ACTUALIZAR,0,No
ceaf383e95e6f118,ACTIVA,0,No
432f79853d9b8f4e,ACTIVA,0,No
5c040dadcfc7d6bf,SIN ACTUALIZAR,0,No
016ea394f1474bfc,SIN ACTUALIZAR,0,No
4ecd648b8dd8a382,ACTIVA,0,No
9d223dbd9d2ac78c,SIN ACTUALIZAR,0,No
6326d2f3bb96dced,SIN ACTUALIZAR,0,No
a1c46d6a17802147,SIN ACTUALIZAR,0,No
9cb86cdedf0738bf,SIN ACTUALIZAR,0,No
37a6520c67a7d24e,SIN ACTUALIZAR,0,No
468a9e33bb03e146,ACTIVA,0,No
8bc1afd3d9dabca0,SIN ACTUALIZAR,0,No
94ea49469f3f19c8,SIN ACTUALIZAR,0,No
f1f351a266865ad1,SIN ACTUALIZAR,0,No
e08a871b6e179b67,SIN ACTUALIZAR,0,No
7a5deafac62b55bf,SIN ACTUALIZAR,0,No
ed320bd9cc6cf5d7,SIN ACTUALIZAR,0,No
5a642be86c2e707c,ACTIVA,0,No
ab44eec515d7d0cd,SIN ACTUALIZAR,0,No
fe2136cd396fb3eb,SIN ACTUALIZAR,0,No
9148f12c7486014e,SIN ACTUALIZAR,0,No
cd83238a9b225e8e,SIN ACTUALIZAR,0,No
f4e9002e375945a1,SIN ACTUALIZAR,0,No
086a63075191b439,SIN ACTUALIZAR,0,No
56b63b0ef79d67de,SIN ACTUALIZAR,0,No
3a7deadb6be0019a,ACTIVA,0,No
6b4f42299656b14b,ACTIVA,0,No
7a7844bd013301dd,SIN ACTUALIZAR,0,No
5938938079b4b4d5,SIN ACTUALIZAR,0,No
c78adcbb37dd3c2b,SIN ACTUALIZAR,0,No
bafb6bdc111d0742,SIN ACTUALIZAR,0,No
4f554ca1692b8d77,SIN ACTUALIZAR,0,No
1558a81d9988936e,SIN ACTUALIZAR,0,No
08cfddf0408e4a12,SIN ACTUALIZAR,0,No
297d6c7edacccb82,SIN ACTUALIZAR,0,No
8308bbe6b0fdb401,SIN ACTUALIZAR,0,No
3db6c6ddaecfbc66,SIN ACTUALIZAR,0,No
c91736b0806e2946,SIN ACTUALIZAR,0,No
cc23aa7f54460bed,SIN ACTUALIZAR,0,No
6fb31fd9a38ed097,SIN ACTUALIZAR,0,No
451bba1845d5d216,SIN ACTUALIZAR,0,No
847a599d51352d9a,SIN ACTUALIZAR,0,No
44f7c3a14552d55a,SIN ACTUALIZAR,0,No
fc913900ea0c21d7,SIN ACTUALIZAR,0,No
b6f727bc07e26f60,SIN ACTUALIZAR,0,No
bff2d91f6c6fde77,SIN ACTUALIZAR,0,No
df70b4fd28b18635,SIN ACTUALIZAR,0,No
1d2f646b825fb1da,SIN ACTUALIZAR,0,No
fc6dc504d941ca4d,SIN ACTUALIZAR,0,No
33d27802595aeec5,SIN ACTUALIZAR,0,No
04f6fb534fb898e6,SIN ACTUALIZAR,0,No
f8faf21c80f085f7,SIN ACTUALIZAR,0,No
6c506d78b6578e10,SIN ACTUALIZAR,0,No
6398390c8c97cafe,SIN ACTUALIZAR,0,No
188ca408ad9e9e9a,SIN ACTUALIZAR,0,No
2c843fc5c432b3b7,SIN ACTUALIZAR,0,No
a661bcd4600c8ac8,SIN ACTUALIZAR,0,No
18bb83a4f6ea049f,SIN ACTUALIZAR,0,No
b4911a5f2a00dd2f,SIN ACTUALIZAR,0,No
0594317f9dc6a10c,SIN ACTUALIZAR,0,No
bf88ab534a2be470,SIN ACTUALIZAR,0,No
d91f35456e91e568,SIN ACTUALIZAR,0,No
539ba8e6daf35216,SIN ACTUALIZAR,0,No
ba4c23b845e55843,SIN ACTUALIZAR,0,No
5f21749dea302763,SIN ACTUALIZAR,0,No
4fb2a8774d6e4a76,SIN ACTUALIZAR,0,No
ccc5edf2734913fa,SIN ACTUALIZAR,0,No
563587ed3a634b49,SIN ACTUALIZAR,1,No
a550622b38813fd0,SIN ACTUALIZAR,2,No
349cf265b3047587,ACTIVA,0,No
5c568f1fe28279c2,SIN ACTUALIZAR,1,No
3478e22238524ead,SIN ACTUALIZAR,1,No
406db3266689b5c4,SIN ACTUALIZAR,2,No
3cb67a933d12398e,SIN ACTUALIZAR,1,No
184822f4347e1929,SIN ACTUALIZAR,1,No
a760753ae6f157dc,ACTIVA,2,No
9bd30342fd4a4f92,SIN ACTUALIZAR,1,No
311c685efa4c4c53,SIN ACTUALIZAR,1,No
3183f44c8c58a279,ACTIVA,1,No
66ea59bfbf43cd36,SIN ACTUALIZAR,1,No
f6af135361fa39be,SIN ACTUALIZAR,2,No
6e7ccc15ae233f20,SIN ACTUALIZAR,1,No
94a080ccc68a9af2,SIN ACTUALIZAR,1,No
5b019d2e7d2dbc15,SIN ACTUALIZAR,1,No
bfb1407cb018b00f,SIN ACTUALIZAR,1,No
8acc23987b8960d8,ACTIVA,1,No
d960ead7a87e9df1,SIN ACTUALIZAR,2,No
11d2c55502f841ac,SIN ACTUALIZAR,1,No
61c8c02fec1583bb,SIN ACTUALIZAR,1,No
f0d18bbe64fe0063,SIN ACTUALIZAR,1,No
19f97769ca894113,SIN ACTUALIZAR,1,No
957b4de48fd8d8a8,ACTIVA,1,No
240dd8f6a9667a5d,ACTIVA,2,No
03271a49b6300842,ACTIVA,1,No
5c91274818e8a55b,SIN ACTUALIZAR,1,No
a6711f25096c4242,SIN ACTUALIZAR,1,No
ae987e199cf0564f,SIN ACTUALIZAR,1,No
c3b95e6baf846dc6,ACTIVA,1,No
ff23db597e10e7a3,SIN ACTUALIZAR,1,No
7b21f45ff6f89912,SIN ACTUALIZAR,1,No
fdba2719a9729b5d,SIN ACTUALIZAR,1,Sí
a21e1bcbecafc968,ACTIVA,4,No
69eb9095756c0684,SIN ACTUALIZAR,1,No
90a6707720274433,SIN ACTUALIZAR,1,No
d212b2ac736e3f60,SIN ACTUALIZAR,2,No
5a138a4de2444431,SIN ACTUALIZAR,2,No
c807cfa4068ed14a,SIN ACTUALIZAR,1,No
07007ba87ea78903,SIN ACTUALIZAR,4,No
9eddcb98f23bd999,ACTIVA,1,No
0c77ed341492be1a,SIN ACTUALIZAR,2,No
e0fb589f41f96db4,SIN ACTUALIZAR,1,No
f333689aaf4012ba,SIN ACTUALIZAR,1,No
ace42f85791ca5af,SIN ACTUALIZAR,1,No
da75ed6e656609aa,SIN ACTUALIZAR,1,No
c42fb977a595a4b7,SIN ACTUALIZAR,1,No
0d89b2b31f97c145,ACTIVA,2,No
1801df91427bcf4e,SIN ACTUALIZAR,1,No
9ef6d4a0699a853a,SIN ACTUALIZAR,1,No
169a495eb426c77f,SIN ACTUALIZAR,1,No
3139ea2a50e3a141,SIN ACTUALIZAR,1,No
166ef5a9db1ef110,SIN ACTUALIZAR,1,No
0e399ff37c2c973d,SIN ACTUALIZAR,1,No
9d63a1320239f7cb,SIN ACTUALIZAR,1,No
5e81d4d4d1bece8d,ACTIVA,2,No
04e6c899a01d8ff0,SIN ACTUALIZAR,1,No
b9fcb24114410589,ACTIVA,2,No
cec09b6f87a797e5,SIN ACTUALIZAR,1,No
fd65ddd3504ba0be,SIN ACTUALIZAR,1,No
3c065a26805e7127,ACTIVA,1,Sí
92830841b2701a15,SIN ACTUALIZAR,2,Sí
0669fe02ea452faf,SIN ACTUALIZAR,1,No
a0d71096e1d00f35,SIN ACTUALIZAR,1,No
5d1ba32bc7f1ca96,SIN ACTUALIZAR,1,No
eb345ee90953f38e,ACTIVA,1,No
3af0c8bd5cd12d89,SIN ACTUALIZAR,1,No
5f6c95aa6adfb0ab,ACTIVA,1,No
fcf98959f8dea2e5,SIN ACTUALIZAR,1,No
4ae64769bb65d858,SIN ACTUALIZAR,1,No
fdf2ed7d4efcd4a1,SIN ACTUALIZAR,1,No
8f156dbf9ec213ab,ACTIVA,5,No
8fede10d5ed24a98,SIN ACTUALIZAR,1,No
aa8e22a09ff2af4e,SIN ACTUALIZAR,1,No
1ff64286fcc902f2,SIN ACTUALIZAR,1,No
fdbdac66541161b9,SIN ACTUALIZAR,1,No
83e276764a37a6a5,SIN ACTUALIZAR,1,No
71af9e9726f36364,SIN ACTUALIZAR,2,No
7cdbd0e7b2fb2f6e,SIN ACTUALIZAR,1,No
f709f755d797705c,ACTIVA,1,No
90a4d52e52b887c4,SIN ACTUALIZAR,1,No
8ed062f0e515bd2e,SIN ACTUALIZAR,1,No
91e25df3e98d96cc,SIN ACTUALIZAR,2,No
394ee7159d13c90a,ACTIVA,1,No
db0413609d2e572c,SIN ACTUALIZAR,1,No
d0548e87b05b9376,SIN ACTUALIZAR,1,No
c4e95672bbf1e672,SIN ACTUALIZAR,1,No
89ea3b15dd9ef756,SIN ACTUALIZAR,1,No
20957b3d58a94ed0,ACTIVA,1,No
b4e2f3688c0ea848,SIN ACTUALIZAR,2,No
1be6636204fd39e9,SIN ACTUALIZAR,1,No
70b1a1b34eda0fee,SIN ACTUALIZAR,1,No
477e639d4274bd9f,SIN ACTUALIZAR,1,No
b699554dd75a3d45,SIN ACTUALIZAR,1,No
1c3104097dbf66e9,ACTIVA,1,No
5aa789c71e05f6d6,ACTIVA,1,No
6751a76cc8fce2a7,ACTIVA,2,No
bc5f603192884052,ACTIVA,1,No
166572dff8d5aeda,ACTIVA,1,No
aa67ddbee470e617,SIN ACTUALIZAR,1,No
044240b797421f6c,ACTIVA,1,No
27486136f5b8a81e,SIN ACTUALIZAR,1,No
16ad0546e2d6ec87,ACTIVA,1,No
699415a6e63027a2,SIN ACTUALIZAR,2,No
fe8f16a41639d998,SIN ACTUALIZAR,0,No
c7eebe4bcc4f8576,ACTIVA,1,No
0d03464929b56b0f,SIN ACTUALIZAR,1,No
3467c6b8080467c2,SIN ACTUALIZAR,1,No
6dc0836503e95957,SIN ACTUALIZAR,5,No
098aa3a25ab7978a,SIN ACTUALIZAR,3,No
45c710d8b4877aa6,ACTIVA,1,Sí
1d83fef6f951f399,SIN ACTUALIZAR,1,No
1566eaa2a9351922,ACTIVA,1,No
8b13945fa7cf01f5,SIN ACTUALIZAR,2,No
d570a8ac4a9ab048,SIN ACTUALIZAR,1,No
e01d13d09d9a497d,SIN ACTUALIZAR,3,No
285506a8469e1a75,ACTIVA,1,No
ce8e47d6923e702e,ACTIVA,1,No
f30b0908dff1dcd9,SIN ACTUALIZAR,2,No
e191506dc3e0b430,SIN ACTUALIZAR,1,No
84f6a1dfa605e1ee,SIN ACTUALIZAR,1,No
b3d251aedb1e11cd,SIN ACTUALIZAR,1,No
70cde17fb562dd3e,ACTIVA,2,No
a3151bceaa87cb26,SIN ACTUALIZAR,2,No
331067268714478a,SIN ACTUALIZAR,2,No
817b8b7ed596265a,SIN ACTUALIZAR,1,No
c9e1e40a9c40d2e5,SIN ACTUALIZAR,1,No
31fdc3a034f7c09a,SIN ACTUALIZAR,1,Sí
b4a0eb4413196a0c,ACTIVA,1,No
3a6fe01402333cdf,ACTIVA,1,No
795ceac3efd076b4,SIN ACTUALIZAR,1,No
7f9a4b41bf305e9a,SIN ACTUALIZAR,1,No
7e12c7e6970c7072,ACTIVA,1,No
03b915ba77267ead,SIN ACTUALIZAR,1,No
d98eebcc5755e6b9,SIN ACTUALIZAR,1,No
68dd914f87218a6e,SIN ACTUALIZAR,1,No
9a818285021c053d,SIN ACTUALIZAR,1,No
4f2b09971390da78,SIN ACTUALIZAR,2,No
7b1de5ea81f0d092,SIN ACTUALIZAR,1,No
b534010e13bea3a1,SIN ACTUALIZAR,2,No
287d32868dd6c9cc,SIN ACTUALIZAR,1,No
81aadc08216233fb,SIN ACTUALIZAR,1,No
5f1183e16dafd122,SIN ACTUALIZAR,1,No
ecc4a449524941f5,SIN ACTUALIZAR,1,No
ebb4be3fcc3b29c9,SIN ACTUALIZAR,1,No
3a480488fcfaaf0c,SIN ACTUALIZAR,1,No
94e43b5387dcfeee,SIN ACTUALIZAR,1,No
987f32746376de3f,SIN ACTUALIZAR,1,No
38eac7e19be0c282,ACTIVA,1,No
b38b4152f7aa7e5d,ACTIVA,1,No
12b0df1855d0df7d,SIN ACTUALIZAR,2,No
f13274e8958b74d1,SIN ACTUALIZAR,1,No
4420d11fa9155d1d,SIN ACTUALIZAR,1,No
d6abff9cdd9a14c5,SIN ACTUALIZAR,0,No
b1b98760b142f4d8,ACTIVA,2,No
d098284fa376d71c,ACTIVA,1,No
973c5613909906d0,ACTIVA,1,No
efeefd8b89611f07,SIN ACTUALIZAR,1,No
74054ed7c7526fa5,ACTIVA,1,No
10f758102b56ec30,ACTIVA,2,No
d444ed8e7843d1fc,ACTIVA,1,No
776a22a2044c51e2,ACTIVA,1,No
443fa74fd9a4b869,SIN ACTUALIZAR,0,No
612b0cee147e306b,SIN ACTUALIZAR,1,No
9742e51b94d8fc3d,ACTIVA,2,No
16ecc826236e4e72,ACTIVA,1,No
c5b5ce3c861e941d,ACTIVA,1,No
e3becaf1be21ba7d,SIN ACTUALIZAR,1,No
b6b8a47d9bf4d9a9,SIN ACTUALIZAR,1,No
ec7a70566f5bf7c7,ACTIVA,2,No
c564c8d54a00a9eb,SIN ACTUALIZAR,1,No
637ba1f3b72dfa33,SIN ACTUALIZAR,2,No
1f66c04da410b88b,ACTIVA,2,No
841728e957d9cf82,SIN ACTUALIZAR,1,No
c7d8008f33e5a287,SIN ACTUALIZAR,1,No
7b0559573c0ec70c,SIN ACTUALIZAR,3,No
91bad7e5bbb989eb,ACTIVA,1,No
1f0e4c406443bc8a,ACTIVA,1,No
30e1b5ad43bc2282,ACTIVA,2,No
598c03472e7a8089,SIN ACTUALIZAR,1,No
7d8614adad29514d,ACTIVA,2,No
ae7bf145e2412c78,SIN ACTUALIZAR,1,No
92c89cee0f875244,SIN ACTUALIZAR,1,No
4d1ccd3b13934381,ACTIVA,1,No
b83f22b6c073f282,SIN ACTUALIZAR,1,No
dc2ee521c7b4ea99,ACTIVA,1,No
2fa7a06027ffa34b,ACTIVA,1,No
bd5ffa6790c6d792,ACTIVA,1,No
aef48fddb61a927b,SIN ACTUALIZAR,1,No
a00fd77c5feccc68,ACTIVA,1,No
d085244490a025ca,ACTIVA,1,No
c077ad291c7b691b,ACTIVA,4,No
c60dc7a742e43b81,ACTIVA,1,No
fd928febd4e90f39,ACTIVA,1,No
109c6e9ad83923fe,ACTIVA,1,No
9858639dcff1c58d,SIN ACTUALIZAR,2,No
8988c7d95b0fb121,ACTIVA,2,No
0fc3bb1024f0a902,SIN ACTUALIZAR,2,No
5f33707755c8910c,ACTIVA,1,Sí
20891d89e7d81f1a,SIN ACTUALIZAR,2,Sí
de7b1406cc42f34e,SIN ACTUALIZAR,2,No
e8afcedb07bdd36a,SIN ACTUALIZAR,1,No
2db65c589998393d,ACTIVA,2,No
57c8de458e9794dd,SIN ACTUALIZAR,1,No
0948d8e4a5126cd6,SIN ACTUALIZAR,1,No
061d5ee48a1cf3a7,SIN ACTUALIZAR,2,No
a4fd355ca8cf3a33,ACTIVA,2,No
a1850a4bc5e56877,SIN ACTUALIZAR,0,No
ab8f265cc2a5c992,SIN ACTUALIZAR,2,No
b9b7a8e8f28b74bf,SIN ACTUALIZAR,2,No
0e74a97ec6043702,ACTIVA,2,Sí
50f666cf4a0029f4,SIN ACTUALIZAR,1,No
1a1da91950e7ad52,SIN ACTUALIZAR,1,No
c191d5586f1e08c7,SIN ACTUALIZAR,1,No
12b637dd6a40e811,SIN ACTUALIZAR,2,No
cfd55947022f8084,SIN ACTUALIZAR,1,No
029e702a15813e68,SIN ACTUALIZAR,2,No
fbd3d0c1b32d0ab4,SIN ACTUALIZAR,1,No
423d73e3f18c3861,SIN ACTUALIZAR,1,No
64c7ecccae996674,SIN ACTUALIZAR,2,No
ab26273a7e7a104b,SIN ACTUALIZAR,1,No
91c43e4da956629b,SIN ACTUALIZAR,1,No
40da165009e792a2,SIN ACTUALIZAR,2,No
c9b9f898039eca6f,SIN ACTUALIZAR,1,No
b190c20d600a3767,ACTIVA,2,No
9228391cfaf5a195,ACTIVA,1,No
a188b02f4a903f98,SIN ACTUALIZAR,1,No
8698df0ec492e502,SIN ACTUALIZAR,1,No
a9f544fb16fc90c7,SIN ACTUALIZAR,1,No
e905b8ca2cf3e36e,SIN ACTUALIZAR,2,No
ff1326b1b624a8ad,SIN ACTUALIZAR,2,No
2cd44d67df5d2bdd,SIN ACTUALIZAR,1,No
73da0df025bd69a8,SIN ACTUALIZAR,2,No
891882400f1dfae1,SIN ACTUALIZAR,2,No
f3ff4cb175e7a425,SIN ACTUALIZAR,1,No
99d84b49702b4e37,ACTIVA,1,No
5f7bb53b00fcac83,SIN ACTUALIZAR,1,No
2200a6d30ab9bf51,SIN ACTUALIZAR,1,No
a6cee63531f3e84d,SIN ACTUALIZAR,1,No
523dd10da54cb4c8,SIN ACTUALIZAR,2,No
9fc980bd6ca884da,SIN ACTUALIZAR,1,No
e8f1be077a668959,SIN ACTUALIZAR,1,No
d6ba9b8f6a4a172c,SIN ACTUALIZAR,0,No
9146f9c680f13a18,SIN ACTUALIZAR,3,No
5182d66d0aacb188,SIN ACTUALIZAR,1,No
8c77895f23a54390,SIN ACTUALIZAR,1,No
6a6839f92b15dd17,SIN ACTUALIZAR,1,Sí
f3694bc0de590b34,SIN ACTUALIZAR,2,No
fe16263b16492350,SIN ACTUALIZAR,2,No
f06413eb830a255e,ACTIVA,2,Sí
d88efaf7b775f082,SIN ACTUALIZAR,1,No
886459294dd0a494,ACTIVA,1,No
a0a73bb4f882a6f5,ACTIVA,1,No
0971feccb4757660,SIN ACTUALIZAR,1,No
bb08e6dbeccef5f7,SIN ACTUALIZAR,1,No
e59172f418ceab0c,ACTIVA,1,No
ca025d18ec6ceefc,SIN ACTUALIZAR,2,Sí
e9cfd9f31e4566c2,ACTIVA,1,No
b883df7a787c316c,SIN ACTUALIZAR,1,No
067c4c73c11a1345,SIN ACTUALIZAR,2,No
10d02852dfe58ad6,ACTIVA,1,No
9551dc186746041a,ACTIVA,1,No
5007daee6eb542fd,ACTIVA,1,No
6a1c87b67347c741,SIN ACTUALIZAR,1,No
364c4c6ec174354e,SIN ACTUALIZAR,1,No
fc72adaf79763bc4,ACTIVA,1,No
2838e0076cd0d0de,ACTIVA,1,No
5a8fc0bcb9b6fcff,SIN ACTUALIZAR,1,No
0150efd603e45cde,ACTIVA,3,No
26e558fb7cb31cd2,ACTIVA,2,No
08494e72f5bf7429,SIN ACTUALIZAR,1,No
66800af624fd7ee4,SIN ACTUALIZAR,1,No
e17c37c67ed6a65f,ACTIVA,1,No
58e1c7a5c10ee0b4,ACTIVA,1,No
d274893c31d10ef0,SIN ACTUALIZAR,1,No
3b5523e4c89d8878,ACTIVA,1,Sí
c9980e6bb4435ceb,SIN ACTUALIZAR,1,No
80b79645be384d81,ACTIVA,1,No
8f33959f58a495c3,SIN ACTUALIZAR,2,No
b4eed30197a01d2d,ACTIVA,0,No
769502756f894655,ACTIVA,1,No
0e92c8f928b6236d,ACTIVA,1,No
cdb456f85637c437,SIN ACTUALIZAR,4,No
1be7bbde237df85c,SIN ACTUALIZAR,1,No
dc8feef608bbce28,SIN ACTUALIZAR,1,No
31f0279158dd1e5f,ACTIVA,1,No
a25e7fc0b43d903d,SIN ACTUALIZAR,1,No
38040c6717797222,ACTIVA,1,No
04011ee356dfc0d3,ACTIVA,1,No
957b0d9447b14900,ACTIVA,2,No
d56079274eaa3b5b,ACTIVA,1,No
91e86a9aa38b5f94,ACTIVA,3,No
a812fc6f135f69b2,SIN ACTUALIZAR,1,No
e2a8e0bfa1edd40c,ACTIVA,1,No
53b0633b3610c201,ACTIVA,1,No
8b6b6e39ef3f491f,ACTIVA,2,No
e0a0950166bbcc24,SIN ACTUALIZAR,1,Sí
8742da1278560374,ACTIVA,2,No
b17da71d428ae46f,ACTIVA,2,No
78b97b24e7b9929a,ACTIVA,1,No
51729bc33f88e148,ACTIVA,1,No
e810413ba839d290,ACTIVA,1,No
24e5509714d0d5c2,ACTIVA,1,No
3fbc67316c26f149,SIN ACTUALIZAR,2,No
3366cbd949ed025b,SIN ACTUALIZAR,1,No
d511b5d469027dac,ACTIVA,1,No
0990c08f6abf8098,ACTIVA,0,No
24ad38c639f9c314,ACTIVA,1,No
fc0ad00427702de0,ACTIVA,1,No
96ca0f3dab106493,ACTIVA,1,No
1211b78610929c31,ACTIVA,3,No
e6cd42f470e61690,ACTIVA,1,No
7b721c50ff0220bb,ACTIVA,2,No
69ea8e8a316c3f98,ACTIVA,2,No
c80057fddc67ce68,ACTIVA,1,No
802c1431b1d40666,ACTIVA,1,No
f0c232dcacf79560,ACTIVA,2,No
a11501e6e45d69a5,ACTIVA,1,No
9e0a0fba7f737bed,ACTIVA,1,No
94336e2cba893969,ACTIVA,1,Sí
d28a73a4824dbfbd,SIN ACTUALIZAR,1,No
5260cea8cceb03fd,ACTIVA,3,No
972d1e28328faff1,ACTIVA,3,No
e9bb7915230bc631,ACTIVA,1,No
c4a162fd0a088995,ACTIVA,1,No
ab2d29c2879f7816,ACTIVA,2,No
7d013b714ac7d8b9,ACTIVA,1,No
c36192f00d848c0d,ACTIVA,3,No
d8224bcc34937302,ACTIVA,2,No
41d4ec7c6b92dad1,ACTIVA,1,No
f2ac0b4ca7b0e481,ACTIVA,0,No
8b2bca4885b08af1,SIN ACTUALIZAR,1,No
509d7f8297140cfe,SIN ACTUALIZAR,1,No
beddc34999644c57,SIN ACTUALIZAR,2,No
17b40e2147866ed7,SIN ACTUALIZAR,1,No
e058d76af5bce346,SIN ACTUALIZAR,1,No
896f2c7dfb8bb3cb,SIN ACTUALIZAR,1,No
ccb2a502fb9fe88d,SIN ACTUALIZAR,1,No
f6e6b8abe851ec7f,SIN ACTUALIZAR,2,No
3df7b3194d55f473,ACTIVA,1,No
6bfa3aa7296f7a3a,SIN ACTUALIZAR,2,No
72aff29a464b556b,SIN ACTUALIZAR,2,No
812f4f829d80d1ab,ACTIVA,1,No
89d836dd5753bee3,ACTIVA,1,No
18562da4580671ed,ACTIVA,1,No
f93fa6f905803bc4,SIN ACTUALIZAR,1,No
f796d3d331ae1524,SIN ACTUALIZAR,1,No
98d56fcc69a519c4,SIN ACTUALIZAR,1,No
17e07e2750f3e565,SIN ACTUALIZAR,1,No
6a154175655614a6,SIN ACTUALIZAR,2,No
c2295e6ea87deffb,SIN ACTUALIZAR,2,No
487793cad43605b0,SIN ACTUALIZAR,1,No
0e12aa526a098f43,SIN ACTUALIZAR,2,No
fa60ce0995f15dd8,SIN ACTUALIZAR,1,No
8084efed817688b3,SIN ACTUALIZAR,2,No
d19244776836a8a2,SIN ACTUALIZAR,1,No
b8da4db1d8e4eb96,SIN ACTUALIZAR,2,No
9139899069af84e8,ACTIVA,1,No
4f21295da10e6d16,SIN ACTUALIZAR,1,No
bf81ca8961dbf9d1,SIN ACTUALIZAR,1,No
19c52b3336e86e56,ACTIVA,1,No
f067d17a38db3999,SIN ACTUALIZAR,1,No
bc9e1b2d2daf7ef0,SIN ACTUALIZAR,2,No
1d637966d2d2f3e1,ACTIVA,1,No
89f6635a8eeb858e,SIN ACTUALIZAR,1,No
e20bbfd91826a6c9,SIN ACTUALIZAR,2,No
a0c1f96870ed2f8a,SIN ACTUALIZAR,1,Sí
8dcd749d1f871dd5,ACTIVA,2,No
442045b94797ee5f,ACTIVA,1,No
de30b26b03a6459a,SIN ACTUALIZAR,3,No
7ab54c2f3da1860c,SIN ACTUALIZAR,1,No
a351f1a30a5dc6b9,SIN ACTUALIZAR,1,No
219d3eb88915c02b,SIN ACTUALIZAR,3,No
358ace620ef27c6a,ACTIVA,1,No
6489f6aec2b24d97,SIN ACTUALIZAR,1,No
b3a68aa00143f5c5,SIN ACTUALIZAR,1,No
215fcffe4dc739d2,SIN ACTUALIZAR,1,No
7eb20a09b4236742,SIN ACTUALIZAR,2,No
5eacd59de90dd7d9,SIN ACTUALIZAR,0,No
9bda0e62d3c003c0,SIN ACTUALIZAR,1,No
c91a1ad0b6bf41ab,SIN ACTUALIZAR,1,No
63789b83f23f9a09,SIN ACTUALIZAR,1,No
3a926519b024ea9d,SIN ACTUALIZAR,1,No
30ff7274e8ee61e0,SIN ACTUALIZAR,1,No
6d886bbade6ffff0,SIN ACTUALIZAR,1,No
e8ed2600907d842a,SIN ACTUALIZAR,2,No
d885e4d0e71b3780,ACTIVA,1,No
dacdc13f490e8928,SIN ACTUALIZAR,1,No
7d2ff4338dd2b126,SIN ACTUALIZAR,2,No
4c28980d96df6bfa,SIN ACTUALIZAR,1,No
87298b0362ab4826,SIN ACTUALIZAR,2,No
8b410c29861ff06d,SIN ACTUALIZAR,1,No
e5cecf90089bc830,SIN ACTUALIZAR,1,No
500e7fe6a0f9499c,ACTIVA,1,No
1ac6d62156549c47,SIN ACTUALIZAR,2,No
34be6d115e205eb8,SIN ACTUALIZAR,1,No
2ef36d66a2fd023e,SIN ACTUALIZAR,1,No
52be9ccfbf9794f5,SIN ACTUALIZAR,1,No
2245c3decb4fe7d0,SIN ACTUALIZAR,1,No
934b44fce2c406cf,ACTIVA,2,No
eeafc10d766dcdbd,SIN ACTUALIZAR,1,No
ee3e2c4e1d659b33,SIN ACTUALIZAR,1,No
a3123e64b1100082,SIN ACTUALIZAR,2,No
52288ce7a9f3c34e,SIN ACTUALIZAR,1,No
91b5ecf4692a5e01,ACTIVA,1,No
1e57bfd924636074,SIN ACTUALIZAR,1,No
8535ef1089f557f0,ACTIVA,1,No
1c6c0bb2c7ecdc3b,SIN ACTUALIZAR,1,No
5a39335b3529acae,SIN ACTUALIZAR,0,No
67f174b3dcb3022e,SIN ACTUALIZAR,1,No
4d8fdb7775efa654,SIN ACTUALIZAR,2,No
88e281c34b27bf2f,SIN ACTUALIZAR,1,No
fc08fb3c371efa46,SIN ACTUALIZAR,2,No
730373636ec2ec11,SIN ACTUALIZAR,1,No
09d4056ab4955fc1,ACTIVA,1,No
31d8a3c75a8271d2,SIN ACTUALIZAR,1,No
c5c9f0cb038a8e39,SIN ACTUALIZAR,1,No
ed2d6987812e597d,SIN ACTUALIZAR,2,No
c0d0385acc9ca6f7,SIN ACTUALIZAR,1,No
eaf5feae07855c4d,SIN ACTUALIZAR,1,No
857b4cd3f6a11d1b,ACTIVA,2,No
4162e4a359ba93cd,SIN ACTUALIZAR,2,No
4f2ed132af1ca389,SIN ACTUALIZAR,1,No
308ce7cb84e84a06,SIN ACTUALIZAR,1,No
a66a5366bf702518,SIN ACTUALIZAR,1,No
bd7997353a3a3c6f,SIN ACTUALIZAR,2,No
e04836db9c866619,ACTIVA,1,No
1b6b1543dc6c1d43,SIN ACTUALIZAR,1,No
2df989c2a69a99bc,SIN ACTUALIZAR,2,No
ae80335299b7760e,SIN ACTUALIZAR,1,No
67ff8ff154ac8696,SIN ACTUALIZAR,1,No
9d543cc3bdb4d0ca,SIN ACTUALIZAR,1,No
d668cc86570dadb1,SIN ACTUALIZAR,1,No
2e7586cadac8cde2,SIN ACTUALIZAR,1,No
d7ff7ef674aac2a8,SIN ACTUALIZAR,3,No
0c921bbabc0503bc,ACTIVA,1,No
41cf091084d6f30c,SIN ACTUALIZAR,3,No
ffbed1f22ce7a340,SIN ACTUALIZAR,1,No
ca526c365ac197bb,SIN ACTUALIZAR,1,No
6f48dbb134b5fb7b,SIN ACTUALIZAR,1,No
43196a394e0d5acb,SIN ACTUALIZAR,1,No
dc19fd521b0a6aa7,SIN ACTUALIZAR,1,No
002abd21b8e998d5,ACTIVA,3,No
23528faca474b14f,SIN ACTUALIZAR,1,No
fb95c2873b331ea1,ACTIVA,2,No
123a91f4c623bdd3,SIN ACTUALIZAR,1,No
28789a01958becdb,SIN ACTUALIZAR,0,No
cdecb41ea07a1594,SIN ACTUALIZAR,2,No
45907f9b98997cc5,SIN ACTUALIZAR,1,No
8ef8c191f2e6996e,SIN ACTUALIZAR,2,No
784610d32db31466,SIN ACTUALIZAR,1,No
2438cbc1eade910b,SIN ACTUALIZAR,1,No
31ca35354082f306,SIN ACTUALIZAR,1,No
a8750e94130bd9e7,SIN ACTUALIZAR,1,No
af7e0341d4467d71,SIN ACTUALIZAR,2,No
50def8a2be2f7566,SIN ACTUALIZAR,1,No
645099a0e1ed5ed7,ACTIVA,1,No
f58a80662c659123,ACTIVA,1,No
ced739e4e1a362fc,SIN ACTUALIZAR,1,No
fe3c747f0fad420d,SIN ACTUALIZAR,1,No
391343f2f9dc6f69,SIN ACTUALIZAR,2,No
d5f5d376f57d081a,SIN ACTUALIZAR,1,No
68b73fa78cd5f124,SIN ACTUALIZAR,1,No
75819d3511ebbfe8,SIN ACTUALIZAR,1,No
56c8e31035601315,SIN ACTUALIZAR,1,No
f23453a786108580,ACTIVA,1,No
e29a475527ea5ad7,ACTIVA,2,No
ad1624c5c3a02a3a,SIN ACTUALIZAR,1,No
59921458259274f6,SIN ACTUALIZAR,1,No
ff6669a3b4ccafc8,SIN ACTUALIZAR,1,No
2dbe7fa8d11da1a2,SIN ACTUALIZAR,1,No
991d584e18d6d29f,ACTIVA,3,No
e8a00e30ef19d451,ACTIVA,2,No
ee205e5aecbb2597,SIN ACTUALIZAR,1,No
5876d6b16f56408b,SIN ACTUALIZAR,1,No
1cf0931c4aeb580a,SIN ACTUALIZAR,1,No
ffc8ada2434f0fda,SIN ACTUALIZAR,1,Sí
e716a720dcfe5249,ACTIVA,1,No
847a841969a2fcf1,ACTIVA,1,No
55a8803b92114651,SIN ACTUALIZAR,1,No
bb6723f86f9ae288,SIN ACTUALIZAR,1,No
5b6be5b2da6e7c5a,SIN ACTUALIZAR,1,No
